time_s,lat_deg,lon_deg,alt_m,Px_m,Py_m,Pz_m,roll_deg,pitch_deg,yaw_deg,Bx_true_nT,By_true_nT,Bz_true_nT,B_total_true_nT,B_proj_D1_nT,B_proj_D2_nT,B_proj_D3_nT,B_proj_D4_nT,Bx_meas_nT,By_meas_nT,Bz_meas_nT,B_total_meas_nT
0.0,23.0225,72.5714,1000.0,0.0,0.0,-0.0,0.0,0.0,0.0,36642.96350895107,258.9333395927034,26371.18141311001,45146.572741636,36411.036626605855,5724.311821814635,-36347.08422087483,-6059.6847881698695,36607.81070394636,172.91295830118432,26402.57028159007,45135.98809045196
1.0,23.02303898917048,72.5714,1001.0,60.00000000077918,0.0,-1.0,0.0,5.0,0.0,34204.79363640004,258.9893152477539,29465.2267650079,45146.81131029592,36866.193317217774,2810.957745038209,-36350.03462083132,-2873.3334992224586,34164.92699183083,250.51276557934577,29242.186371791624,44971.21809341442
2.0,23.023577978340946,72.5714,1002.0,120.00000000014214,0.0,-2.0,0.0,5.0,0.0,34198.99083787496,298.7892801366164,29488.36438635327,45157.766591643216,37102.86741386537,2494.244246299706,-36374.46277975678,-2839.1248638087745,34126.03384352365,464.7461467040292,29507.20070641049,45116.26168465855
3.0,23.02411696751141,72.5714,1003.0,179.99999999915102,0.0,-3.0,0.0,5.0,0.0,34128.66686655216,293.49495064076314,29441.229002589946,45073.69528402447,36897.55127222386,2401.8164066565164,-36587.07921598975,-2812.095322576284,34077.46840055535,312.09432584379243,29562.088389950088,45114.16989632298
4.0,23.02465595668189,72.5714,1004.0,240.00000000028427,0.0,-4.0,0.0,5.0,0.0,34159.38655301397,314.71811592262804,29417.25574359556,45081.45597310303,37003.01257033808,2295.155815392674,-36523.24242694247,-3058.672447239413,34156.07797785798,538.3589657745532,29519.526694919485,45147.86760742537
5.0,23.025194945852363,72.5714,1005.0,300.0000000003553,0.0,-5.0,0.0,5.0,0.0,34125.56290245758,346.55797701320256,29464.391583083867,45086.85525962444,36986.859139786655,2483.41443963684,-36438.18003477284,-2959.5554018751445,34150.84967690902,443.7601062742001,29437.099522127075,45089.02621439469
6.0,23.025733935022835,72.5714,1006.0,360.0000000004264,0.0,-6.0,0.0,5.0,0.0,34089.87152843685,362.1322021317847,29436.7341724846,45041.88938420183,36810.035992529854,2431.7028739293014,-36524.04872852486,-2795.4580095042693,34018.01722321771,281.3467119760501,29491.16310849592,45022.58714538056
7.0,23.026272924193307,72.5714,1007.0,420.0000000004975,0.0,-7.0,0.0,5.0,0.0,34093.26889485848,348.96317284819054,29464.80781633328,45062.70807315716,36965.47754134401,2560.874184857061,-36620.85338038365,-2814.7609011276545,34191.53424772111,259.162812061654,29536.09770178339,45183.06371889289
8.0,23.02681191336378,72.5714,1008.0,480.00000000056855,0.0,-8.0,0.0,5.0,0.0,34141.08714406759,400.11036182764303,29418.91717114956,45069.35330358555,36890.489986251625,2598.078809918263,-36461.08379581104,-3106.7299948156965,34232.4178257338,406.1907586250341,29291.90847710104,45055.95768995343
9.0,23.02735090253425,72.5714,1009.0,540.0000000002856,0.0,-9.0,0.0,5.0,0.0,34142.53834334444,372.254785947528,29465.00791771505,45100.31252378876,36901.17485741755,2575.567845120464,-36452.19812398134,-2921.32655603627,34143.167324244336,344.13054204837755,29382.71713092215,45046.84635750989
10.0,23.027889891704724,72.5714,1010.0,600.0000000007107,0.0,-10.0,0.0,5.0,0.0,34123.02421839441,364.6833195456087,29458.95455280765,45081.52369959419,36933.629760606,2364.1496545312234,-36343.00074737213,-2867.676145389338,33995.158787270455,473.7832311171125,29464.2647363644,44989.31193046173
11.0,23.0284288808752,72.5714,1011.0,660.0000000011358,0.0,-11.0,0.0,5.0,0.0,34153.38998085582,336.6495025515713,29494.96358284692,45127.82131707066,36756.12559487068,2337.498311581498,-36366.23100046399,-3035.038548187604,33989.28589973636,470.87309430855805,29336.53249640804,44901.28524171402
12.0,23.02896787004567,72.5714,1012.0,720.0000000008528,0.0,-12.0,0.0,5.0,0.0,34237.43705541475,342.5864092531673,29540.59275867073,45221.301198715206,37168.723750769685,2456.980020621373,-36589.29460358513,-3258.152466273908,34412.8837736576,597.8180259510865,29463.433854012543,45306.70911113708
13.0,23.02950685921614,72.5714,1013.0,780.0000000009238,0.0,-13.0,0.0,5.0,0.0,34217.928424632984,394.6673084590505,29526.77326211869,45197.92835108972,36950.383753672926,2363.833208807982,-36493.1730200571,-3045.494857110049,34144.30071641201,493.1462072046919,29459.68519392285,45099.32944423333
14.0,23.030045848386614,72.5714,1014.0,840.000000000995,0.0,-14.0,0.0,5.0,0.0,34205.34928788104,334.2079537736378,29530.239931768177,45190.18350582464,37115.88748428089,2517.793738618521,-36591.96595542617,-2753.9636143475054,34199.17466373125,329.12923278383886,29633.69887347526,45253.15439454005
15.0,23.03058483755709,72.5714,1015.0,900.0000000014201,0.0,-15.0,0.0,5.0,0.0,34254.4362727714,286.29043163667546,29563.923705332287,45249.02155219836,37029.74437853803,2500.879795395137,-36493.93735907746,-3033.004341676509,34232.930204420394,462.4279327179019,29440.44596011661,45153.59574058552
16.0,23.03112382672756,72.5714,1016.0,960.0000000011372,0.0,-16.0,0.0,5.0,0.0,34317.10297206983,314.98364005188444,29591.200149857767,45314.47779019512,37269.96714165217,2629.3289339671,-36837.84685350068,-2874.6419254551306,34472.91406234162,293.3372147684093,29706.335476392687,45507.51825915302
17.0,23.03166281589803,72.5714,1017.0,1020.0000000012082,0.0,-17.0,0.0,5.0,0.0,34340.6310997045,396.7763972420581,29576.733026322243,45323.49845660351,37052.87648478722,2451.544792050141,-36525.122052803184,-3121.5013767212145,34273.40772589354,518.6240834079027,29447.008167274005,45189.17722296713
18.0,23.032201805068503,72.5714,1018.0,1080.0000000012792,0.0,-18.0,0.0,5.0,0.0,34299.52598752106,352.9243212650611,29530.3018151522,45261.69201255245,37019.8883530653,2316.668232304369,-36797.02770812925,-3010.504474282533,34270.39571613469,396.9413958189033,29656.92882188332,45322.74276959009
19.0,23.03274079423897,72.5714,1019.0,1140.000000000288,0.0,-19.0,0.0,5.0,0.0,34236.83849028275,318.75628323391413,29530.732604343008,45214.23319627366,37044.12169184762,2612.11228141832,-36585.479988520645,-2634.797508727886,34154.53134768009,208.42067472841373,29610.574178048195,45203.55687234148
20.0,23.033279783409448,72.5714,1020.0,1200.0000000014213,0.0,-20.0,0.0,5.0,0.0,34324.78632921066,327.33737907082457,29565.78252663963,45303.79236574189,36807.05874658479,2869.8710431160034,-36579.30157530652,-2858.213685686092,34257.55961010426,93.57396427288104,29296.892719931948,45076.56896403982
21.0,23.03381877257992,72.5714,1021.0,1260.0000000014925,0.0,-21.0,0.0,5.0,0.0,34410.526341913646,305.76617540658657,29570.84727502317,45371.938735790216,37220.33521677067,2691.063855375457,-36762.52070305406,-2735.3041149902647,34385.20259185553,217.39609389811676,29685.830079236606,45427.28173507522
22.0,23.0343577617504,72.5714,1022.0,1320.0000000022717,0.0,-22.0,0.0,5.0,0.0,34399.917194138914,280.9144929109491,29590.786759891227,45376.73277116032,37299.11881252119,2417.7055879371137,-36815.99343137192,-3244.716751862856,34544.685800384905,567.3057652306653,29640.8842071616,45521.85375685991
23.0,23.034896750920865,72.5714,1023.0,1380.0000000016346,0.0,-23.0,0.0,5.0,0.0,34377.67355717851,240.15294260217567,29629.04047034208,45384.60258538065,37233.83099841928,2415.023145176116,-36714.50740293376,-2868.983930252636,34308.61199215904,421.44449933665976,29732.52763106102,45401.339976110256
24.0,23.035435740091337,72.5714,1024.0,1440.0000000017055,0.0,-24.0,0.0,5.0,0.0,34352.764932069294,299.4205081759092,29582.41991084541,45335.65571269825,37181.04618578903,2773.3263344292395,-36739.820235754014,-2814.575159588756,34428.30641923848,208.91770600182372,29589.041771573877,45396.732508681744
25.0,23.03597472926181,72.5714,1025.0,1500.0000000017767,0.0,-25.0,0.0,5.0,0.0,34402.53370120495,299.1228808199742,29621.654318364635,45398.966993942304,37121.36162137305,2565.627138327201,-36896.707635396975,-2875.3537445571524,34406.77799076106,231.3935840698926,29694.75032467772,45449.51167549786
26.0,23.03651371843228,72.5714,1026.0,1560.0000000014936,0.0,-26.0,0.0,5.0,0.0,34396.475671640495,287.15183114479976,29632.51240816298,45401.38529190292,37292.76444097818,2578.3170955768023,-36915.22574908218,-2896.067481980267,34503.48039131441,301.0690023905983,29762.524277064244,45567.40779329956
27.0,23.037052707602754,72.5714,1027.0,1620.0000000019188,0.0,-27.0,0.0,5.0,0.0,34389.071924479715,299.3347599818562,29618.71977392499,45386.8530542917,37261.936057209714,2505.6125092762613,-36869.95260190933,-3023.908304202488,34494.40215227199,394.16247761704335,29705.6966570446,45524.14258151139
28.0,23.037591696773227,72.5714,1028.0,1680.00000000199,0.0,-28.0,0.0,5.0,0.0,34358.51114087364,390.2648741459041,29667.64990857432,45396.35498128963,37241.270485009656,2599.961667212964,-36683.63790605995,-2751.228272952216,34327.55753388123,306.962351331352,29693.291105222444,45389.06221532389
29.0,23.0381306859437,72.5714,1029.0,1740.000000002061,0.0,-29.0,0.0,5.0,0.0,34326.16099008462,383.1489854129518,29670.562836446938,45373.7196017009,37172.540816204,2487.4707799113366,-36862.884241985725,-2961.838678414395,34417.899652182095,339.4925552826819,29698.659228189183,45461.163993180766
30.0,23.03866967511417,72.5714,1030.0,1800.000000002132,0.0,-30.0,0.0,5.0,0.0,34304.72294431537,395.4718452627072,29769.959657744035,45422.69160111871,37179.523885744566,2236.534253632858,-36691.79130458462,-2627.934962221922,34093.59474132499,380.67588111761074,29880.84082446737,45336.329415705055
31.0,23.039208664284644,72.5714,1031.0,1860.000000002203,0.0,-31.0,0.0,5.0,0.0,34339.01834537031,425.3440991348437,29813.04969636173,45477.10446723803,37134.71728768691,2300.593727640629,-36899.26827457331,-2834.2139748462114,34281.09307711465,333.0167583530549,29834.219163213034,45446.50565006918
32.0,23.03974765345512,72.5714,1032.0,1920.000000002628,0.0,-32.0,0.0,5.0,0.0,34353.123959107834,422.82360858746864,29853.081323468017,45513.97994088632,37466.60402466014,2313.1949413193665,-36791.029624676485,-2682.6373098125578,34317.75740388475,452.5055344408311,29991.2397613589,45578.36873906197
33.0,23.04028664262559,72.5714,1033.0,1980.000000002345,0.0,-33.0,0.0,5.0,0.0,34393.47652770343,371.3229303965907,29869.40971736434,45554.700583409656,37051.68948390244,2334.074472225285,-36963.42097790392,-2950.0982021833565,34337.59684892856,304.96748401327176,29761.369074907107,45441.19993726718
34.0,23.04082563179606,72.5714,1034.0,2040.0000000024163,0.0,-34.0,0.0,5.0,0.0,34383.68592310731,391.7255485228448,29897.16503235176,45565.68647058804,37295.48465616294,2450.3270943158177,-36970.84139139289,-2792.208846176925,34428.34715382048,288.6137983302096,29888.17784910081,45592.735833771214
35.0,23.041364620966533,72.5714,1035.0,2100.0000000024875,0.0,-35.0,0.0,5.0,0.0,34394.30796455772,343.6406911112837,29820.46246425637,45523.032531538905,37295.30121966037,2329.8975781084223,-36869.77866114686,-2723.136106057639,34302.44939357375,354.5339502534272,29926.39385690746,45523.32125404866
36.0,23.041903610137005,72.5714,1036.0,2160.0000000025584,0.0,-36.0,0.0,5.0,0.0,34408.31371230261,403.5178165792855,29849.97184232781,45553.43783009458,37440.58199990581,2340.883398815301,-36934.449871773606,-2958.937758026307,34500.22338274536,486.7870283152017,29910.44362540628,45663.30050422191
37.0,23.04244259930748,72.5714,1037.0,2220.000000002984,0.0,-37.0,0.0,5.0,0.0,34453.75415777024,398.18158524137056,29860.877166499497,45594.8649443297,37580.91801332904,2618.7892860967568,-36847.228647249394,-3008.4074988989214,34664.98056627761,486.4064497876168,29791.68519837723,45710.41430411683
38.0,23.04298158847795,72.5714,1038.0,2280.0000000027007,0.0,-38.0,0.0,5.0,0.0,34361.70829741123,434.8069570521935,29820.766949591383,45499.38676145122,37431.26918215928,2579.5696941490987,-36881.28406346491,-2934.4538744601173,34565.92170913799,391.8199000216375,29790.637221656278,45633.743354108505
39.0,23.043520577648422,72.5714,1039.0,2340.000000002772,0.0,-39.0,0.0,5.0,0.0,34356.68228647635,422.2091379100793,29808.04198580474,45487.1327445192,37255.73757382056,2611.2341926268687,-37034.31762536499,-2926.300000818471,34566.36016844576,232.30514701248117,29770.71488259712,45619.98120995812
40.0,23.04405956681889,72.5714,1040.0,2400.0000000021346,0.0,-40.0,0.0,5.0,0.0,34354.45165304055,425.300577882955,29813.397671607825,45488.98668565919,37384.7645016793,2422.7772597195976,-37045.716661469385,-2633.921381892758,34418.958493052225,238.24010819087516,30039.72901013365,45684.86380736916
41.0,23.044598555989367,72.5714,1041.0,2460.0000000029136,0.0,-41.0,0.0,5.0,0.0,34346.7201662117,447.650247239092,29782.171616952328,45462.90051395212,37130.54341952175,2475.225362344117,-36944.86061210553,-3153.97232964366,34513.10494558579,374.30907234575335,29638.07674139964,45494.06679112951
42.0,23.04513754515984,72.5714,1042.0,2520.000000002985,0.0,-42.0,0.0,5.0,0.0,34317.785162049135,435.7494768066821,29781.66434200089,45440.59624404927,37437.65132043953,2264.289115359805,-36655.10486641595,-2940.3938078093174,34336.79836216549,631.6144740524916,29829.41073205797,45488.55244157214
43.0,23.045676534330312,72.5714,1043.0,2580.000000003056,0.0,-43.0,0.0,5.0,0.0,34356.04137715447,404.8229185716968,29800.419623468573,45481.49591250228,37257.53907691841,2305.348762281686,-36794.83207397156,-2658.154528840829,34214.87728451218,353.127387751393,29916.3573426324,45450.75316425772
44.0,23.046215523500784,72.5714,1044.0,2640.000000003127,0.0,-44.0,0.0,5.0,0.0,34307.803809871395,463.7753990829084,29829.060590858084,45464.41845675037,37216.67665096589,2129.9203984590986,-36894.8404186812,-2864.1781696211115,34253.73636213969,457.30211788462617,29928.72013317873,45489.07416956439
45.0,23.046754512671257,72.5714,1045.0,2700.0000000031982,0.0,-45.0,0.0,5.0,0.0,34328.91217016304,518.4378549077442,29803.185348440653,45463.97305020401,37249.64618559032,2369.854221237206,-36780.85211714861,-2727.3484938093616,34263.29961223101,357.7933470844481,29848.992572761657,45442.97606897581
46.0,23.04729350184173,72.5714,1046.0,2760.000000003269,0.0,-46.0,0.0,5.0,0.0,34189.959583962984,432.1555154959683,29833.915188170635,45378.43750282235,37208.39845022122,2348.7330493012737,-36594.07200058259,-2754.588819349049,34167.21032719316,441.7518593688059,29747.603945253297,45304.67246026132
47.0,23.0478324910122,72.5714,1047.0,2820.00000000334,0.0,-47.0,0.0,5.0,0.0,34189.27108039941,365.1125617498584,29867.80555939149,45399.618645153845,37148.12929877414,2352.578701683488,-36930.80883500657,-2751.2415077575656,34287.140133477114,266.7285799945329,29867.102175752745,45472.22135595464
48.0,23.04837148018268,72.5714,1048.0,2880.000000004119,0.0,-48.0,0.0,5.0,0.0,34208.08516417787,352.17285251796505,29924.055509068094,45450.70092339045,37513.83668524706,2224.73670386476,-36764.2068717916,-2445.302543127189,34185.52264418394,420.107040947453,30141.150019618555,45577.57532917935
49.0,23.048910469353142,72.5714,1049.0,2940.000000002774,0.0,-49.0,0.0,5.0,0.0,34258.41672971605,393.9092226747068,29914.730748640613,45482.80331143037,37191.61992453072,2228.699346715437,-36730.74243701238,-2646.590808685295,34120.38441912608,380.5181171568689,29898.259293728854,45367.954943345976
50.0,23.04944945852362,72.5714,1050.0,3000.0000000035534,0.0,-50.0,0.0,5.0,0.0,34262.33403930446,399.948573625878,29905.61591727265,45479.81262135826,37284.42512786688,2396.563830036959,-36996.20995628893,-2743.779017180697,34390.29224098634,275.14941649441954,29938.62475113421,45597.03016218346
51.0,23.04998844769409,72.5714,1051.0,3060.0000000036243,0.0,-51.0,0.0,5.0,0.0,34248.55938363195,362.90044110266,29923.59553611323,45480.95300665117,37264.89648980947,2158.482072015056,-36872.94302854934,-2843.1611396408825,34268.40124327631,466.1955602779554,29936.851161316277,45505.55701807646
52.0,23.050527436864563,72.5714,1052.0,3120.000000003696,0.0,-52.0,0.0,5.0,0.0,34241.97768409316,325.6874886918255,29900.348084540336,45460.42150744864,37226.21665878637,2338.952111655222,-37046.941515619634,-2713.9469453012603,34349.19037220909,240.005940237433,29973.25142612633,45588.59817028151
53.0,23.051066426035035,72.5714,1053.0,3180.0000000037667,0.0,-53.0,0.0,5.0,0.0,34254.76128800992,367.4488946776924,29904.73471943159,45473.2542075924,37263.590271633206,2445.742202869236,-36730.41623358263,-2804.04570915625,34313.56952880122,386.0211001498546,29767.11983250668,45427.43102158044
54.0,23.051605415205508,72.5714,1054.0,3240.0000000038376,0.0,-54.0,0.0,5.0,0.0,34313.72537807891,338.6910969175115,29911.544463941635,45521.93925130723,37218.96488001602,2406.875161647632,-36951.60330765702,-2857.771279847881,34396.45691196462,311.0147032439242,29837.13935168615,45535.3474010489
55.0,23.05214440437598,72.5714,1055.0,3300.000000003909,0.0,-55.0,0.0,5.0,0.0,34285.94476997988,257.99354614891035,29883.841150351192,45482.26611921824,37127.73598083463,2437.9818469104216,-37062.634020286,-2546.6818030481577,34283.79524366119,75.25843753840599,29966.94989347619,45534.62820820896
56.0,23.05268339354645,72.5714,1056.0,3360.0000000032715,0.0,-56.0,0.0,5.0,0.0,34213.75166272639,317.6294532116384,29885.372357451,45429.25458613378,37087.15025044238,2373.988413732027,-36817.36622887286,-2808.165836113856,34245.53297609435,304.8242468733174,29757.655749398316,45369.23541716288
57.0,23.053222382716925,72.5714,1057.0,3420.000000004051,0.0,-57.0,0.0,5.0,0.0,34148.47437297224,306.5280975314987,29947.062109987724,45420.68681223987,37001.66553654766,2302.3081622902378,-36846.1132555331,-2752.800904720061,34165.952658963804,262.4251930699829,29788.099788031825,45328.93200879826
58.0,23.0537613718874,72.5714,1058.0,3480.000000004476,0.0,-58.0,0.0,5.0,0.0,34144.03902480424,234.26576290642777,29891.491806093105,45380.29929130874,37134.90304052342,2298.572985395244,-36796.58116672885,-2436.854902322432,34063.77215576064,206.37549515249927,29962.77130720784,45366.84724259126
59.0,23.05430036105787,72.5714,1059.0,3540.0000000041928,0.0,-59.0,0.0,5.0,0.0,34150.924053783856,195.40451470308187,29917.44994981169,45402.396502290125,37225.94399467656,2120.0151969208805,-37052.7019912278,-2552.878431813843,34187.019487085454,262.451266885374,30140.174895418724,45576.8726966241
60.0,23.05483935022834,72.5714,1060.0,3600.000000004264,0.0,-60.0,0.0,5.0,0.0,34155.43778670847,226.12636188471936,29873.26639458378,45376.83449310915,37032.89801466196,2107.1686931314703,-36608.85125764444,-2837.201038351257,34028.78772105421,499.7309102571184,29746.837927887314,45200.47003577763
61.0,23.05537833939881,72.5714,1061.0,3660.000000003627,0.0,-61.0,0.0,5.0,0.0,34171.8596667579,239.0263944064391,29874.269282627552,45389.92280091212,37048.4520289038,2371.4479665817216,-36795.59072589679,-2553.34269467792,34107.905382386365,188.254883691932,29842.911561415145,45320.900475801456
62.0,23.055917328569286,72.5714,1062.0,3720.000000004406,0.0,-62.0,0.0,5.0,0.0,34126.14031251221,285.2810470354964,29865.94886011484,45350.30032116726,37073.64109022547,2260.83219352726,-36891.58137214952,-2731.236438468024,34189.509950863736,282.5251835131692,29866.25169812038,45398.18720670472
63.0,23.05645631773976,72.5714,1063.0,3780.000000004477,0.0,-63.0,0.0,5.0,0.0,34115.42106973603,341.5608329213193,29958.97535677897,45403.95162313589,37135.98828347096,2420.782127003398,-36616.80280296052,-2597.143615363363,34108.72092402483,301.1806722835127,29763.069756831315,45269.59105426482
64.0,23.05699530691023,72.5714,1064.0,3840.000000004549,0.0,-64.0,0.0,5.0,0.0,34111.94314693361,347.4542213102251,29974.00179648448,45411.30006277283,37025.98243201161,2201.0924496326493,-36788.11117876329,-2517.872746229855,34005.8119817226,240.171166207314,29919.068242531062,45294.63075494243
65.0,23.057534296080703,72.5714,1065.0,3900.0000000046193,0.0,-65.0,0.0,5.0,0.0,34095.14291248759,353.3534540005878,30009.77650720189,45422.35479253154,37384.80128181521,2415.48613350646,-36906.992490710974,-2321.4107834663987,34220.42688246446,166.16145412159338,30118.153817257764,45586.932502713214
66.0,23.058073285251176,72.5714,1066.0,3960.00000000469,0.0,-66.0,0.0,5.0,0.0,34100.19235195026,326.45763588316584,30017.150260913302,45430.815564045086,37262.4427890265,2061.665515629717,-36873.65575667901,-2455.659264547998,34057.9313474132,338.9540210851901,30145.813330634333,45484.36697216936
67.0,23.058612274421648,72.5714,1067.0,4020.0000000047617,0.0,-67.0,0.0,5.0,0.0,34062.92663459904,347.4063283969943,29914.42608471642,45335.15799078072,37052.17753326823,2367.84172794416,-36681.94365521337,-2728.4577158873567,34134.57342929805,316.46727515337994,29721.04864564744,45261.57296574352
68.0,23.05915126359212,72.5714,1068.0,4080.0000000048326,0.0,-68.0,0.0,5.0,0.0,34104.076740119075,336.5837395361581,29885.715951479942,45347.07660745281,37177.09207295856,2299.017908244821,-36687.66571352479,-2455.562802579291,34043.17218369807,279.7137579388882,29925.584503780912,45327.2150038829
69.0,23.0596902527626,72.5714,1069.0,4140.000000005612,0.0,-69.0,0.0,5.0,0.0,34100.3879432015,351.86419648169664,29899.59856651462,45353.56943756832,37101.38787997154,2385.864741342868,-36680.45742672,-2691.170033277456,34146.896732203364,314.4693022337498,29750.05564148515,45289.90238511528
70.0,23.060229241933065,72.5714,1070.0,4200.000000004975,0.0,-70.0,0.0,5.0,0.0,34072.5991024537,325.1874978014329,29919.31058094153,45345.48381199715,37109.18364284509,2103.133639088004,-36719.21355700703,-2703.7021301920886,34050.05469188806,428.9157855301873,29887.21280387177,45308.22974312241
71.0,23.060768231103538,72.5714,1071.0,4260.000000005046,0.0,-71.0,0.0,5.0,0.0,34109.922005070606,304.37045990207974,29947.249289314925,45391.81821171338,37205.57491730063,2128.472636968232,-36708.59342262649,-2498.532875313607,34009.32589953153,375.44008346809,30002.22158244481,45353.15317901213
72.0,23.06130722027401,72.5714,1072.0,4320.000000005117,0.0,-72.0,0.0,5.0,0.0,34107.692705097514,347.8151347171129,29890.720290848527,45353.17890224504,37269.18992539289,2165.493522873137,-36760.36656129361,-2575.2743185457025,34108.5509662393,397.7672691922379,30002.925582126263,45428.26225273856
73.0,23.06184620944448,72.5714,1073.0,4380.00000000448,0.0,-73.0,0.0,5.0,0.0,34055.009425119344,382.4016782499886,29887.30652130265,45311.59883613461,37326.39456110958,2368.6760346078568,-36731.02330336867,-2787.932310120998,34300.67951660983,439.34660958857006,29834.925692707817,45462.64875514768
74.0,23.062385198614955,72.5714,1074.0,4440.000000005259,0.0,-74.0,0.0,5.0,0.0,34101.57336854839,338.7680515366867,29899.33283900897,45354.18585115459,37357.69985492531,2290.554584798695,-36765.865588298606,-2512.125871947658,34176.066987355814,352.2149365745354,30016.82370555442,45487.77105394495
75.0,23.062924187785427,72.5714,1075.0,4500.00000000533,0.0,-75.0,0.0,5.0,0.0,34079.74487336432,336.18433086693125,29933.71817438964,45360.43997010728,37123.34459764023,2352.581530467151,-36626.72552760949,-2594.179967952882,34076.72769172228,319.657557513843,29792.706567627756,45265.11809058536
76.0,23.0634631769559,72.5714,1076.0,4560.0000000054015,0.0,-76.0,0.0,5.0,0.0,34164.23815536319,388.6784890003346,29919.335983492903,45414.89739498834,37163.23517924524,2090.533991002048,-36743.35020906554,-2434.787094022077,33962.01173657659,330.8814916949251,30042.968716664327,45344.32371386064
77.0,23.06400216612637,72.5714,1077.0,4620.000000005472,0.0,-77.0,0.0,5.0,0.0,34173.513873764045,382.7693050971824,29906.34280635255,45413.267916682045,37231.3684903612,2445.310590772916,-36981.35801410427,-2850.5972308512,34428.2485733005,283.75197488648803,29841.8578636733,45562.27930826003
78.0,23.064541155296844,72.5714,1078.0,4680.000000005543,0.0,-78.0,0.0,5.0,0.0,34155.30937270899,431.3015793652048,29873.169396876103,45378.16026694208,37233.223779867,2375.956658978176,-36855.29150352552,-2784.077489156335,34315.62851038462,340.3709794848387,29846.907853704928,45480.94239232461
79.0,23.06508014446732,72.5714,1079.0,4740.000000005968,0.0,-79.0,0.0,5.0,0.0,34135.44619782643,381.44458168725305,29826.48414347633,45332.03440674868,37059.919971936135,2189.507991606783,-36831.13644862235,-2553.529132845978,34049.56130677083,256.6919494923943,29941.970665902045,45342.696471407806
80.0,23.06561913363779,72.5714,1080.0,4800.000000005685,0.0,-80.0,0.0,5.0,0.0,34049.74502266298,362.0230649395922,29828.116859229736,45268.45206295192,37014.31190120587,2135.1953467683697,-36660.79961733132,-2615.279554518805,33959.27507312988,360.9578691264039,29845.24312857481,45211.73731985453
81.0,23.06615812280826,72.5714,1081.0,4860.000000005756,0.0,-81.0,0.0,5.0,0.0,33968.07995526264,386.2125582134886,29847.87595388728,45220.29759904152,37168.75749434985,2145.978522945285,-36424.618075953455,-2625.8676982421152,33933.136422316406,530.0199285484321,29800.596371815336,45164.30241569162
82.0,23.066697111978733,72.5714,1082.0,4920.000000005827,0.0,-82.0,0.0,5.0,0.0,33935.12193604269,367.8476158994451,29825.666562271832,45180.72817658464,37228.24461643689,2225.688270708144,-36795.70225385714,-2516.688390855975,34106.81857064659,313.30308537966954,29999.79990741761,45424.2361115672
83.0,23.06723610114921,72.5714,1083.0,4980.000000006253,0.0,-83.0,0.0,5.0,0.0,33919.03694383295,330.11261975139024,29789.05888303329,45144.19199272093,36946.26835173251,2168.412186181526,-36796.63079329576,-2888.6989107121094,34121.40534398915,376.6882642093342,29741.81866431907,45265.74835522376
84.0,23.06777509031968,72.5714,1084.0,5040.000000006324,0.0,-84.0,0.0,5.0,0.0,33906.80130234494,319.9102085746069,29739.62443678429,45102.31456077646,36852.90466153346,2295.466218821392,-36757.92519827649,-2547.554488875885,33971.513808084725,150.28473694079997,29777.334844164783,45174.94888028717
85.0,23.06831407949015,72.5714,1085.0,5100.000000006041,0.0,-85.0,0.0,5.0,0.0,33884.94531052041,381.7520799996289,29696.11222088016,45057.67786274223,36895.75873339459,2050.2398405330187,-36502.56732292926,-2683.3856326609903,33832.12743590844,444.41704514742577,29732.687524121287,45042.6804348565
86.0,23.068853068660623,72.5714,1086.0,5160.000000006112,0.0,-86.0,0.0,5.0,0.0,33919.78677387025,390.3851996607007,29659.6107454928,45059.92504391335,36812.31227827484,2394.196708245803,-36560.20962713683,-2891.352261826138,34059.943795422834,324.4383196400014,29482.52411439385,45048.90963970636
87.0,23.06939205783109,72.5714,1087.0,5220.000000005475,0.0,-87.0,0.0,5.0,0.0,34013.636110675165,376.9154520108155,29572.534783351348,45073.3216020288,36897.22735712522,2489.1024073548474,-36399.11240948006,-2698.007622092782,33984.330650011216,306.1487108057772,29492.16159228452,44997.95608855853
88.0,23.069931047001567,72.5714,1088.0,5280.000000006254,0.0,-88.0,0.0,5.0,0.0,34030.842739713575,368.6865833709036,29601.71149060197,45105.382279110665,37004.76402721236,2450.0597025911093,-36753.14713851286,-2804.9881998153096,34213.61489059101,262.6418563790769,29662.609909002917,45282.56674748099
89.0,23.07047003617204,72.5714,1089.0,5340.000000006325,0.0,-89.0,0.0,5.0,0.0,34038.09290016844,401.6758917386478,29613.477241890727,45118.85577182207,36972.80116690555,2191.819217000904,-36474.95505794416,-2623.398655590689,33888.86187205383,402.4530675527877,29718.76086963264,45075.73266272146
90.0,23.071009025342512,72.5714,1090.0,5400.0000000063965,0.0,-90.0,0.0,5.0,0.0,33998.90807199126,407.3092678099965,29620.95468428369,45094.26357460275,37119.60675782885,2408.1420114364864,-36574.09926317453,-2690.373308107002,34118.032650759975,358.4214104925624,29702.58886245117,45237.28996080149
91.0,23.071548014512985,72.5714,1091.0,5460.000000006467,0.0,-91.0,0.0,5.0,0.0,33972.86919803457,372.7214364768899,29551.382062000783,45028.64582230202,36911.16893468455,2197.191933188555,-36330.27647863708,-2749.982147567034,33856.66538435302,490.8989962095217,29572.286953474748,44955.92206185054
92.0,23.072087003683457,72.5714,1092.0,5520.000000006538,0.0,-92.0,0.0,5.0,0.0,33955.02442686928,286.69323759203746,29539.81646117146,45006.96205479177,36885.13271555315,2550.513669608036,-36488.973908263535,-2698.863654144727,34044.967216316574,235.77922315277272,29498.873099896704,45047.74021819463
93.0,23.07262599285393,72.5714,1093.0,5580.000000006609,0.0,-93.0,0.0,5.0,0.0,33938.046393120254,290.36596138292003,29528.584962663364,44986.80512406211,36793.5233389001,2219.473844881317,-36564.52707362845,-2574.0261787471622,33840.614011426405,252.6839555979421,29689.32121792282,45018.960452600055
94.0,23.0731649820244,72.5714,1094.0,5640.00000000668,0.0,-94.0,0.0,5.0,0.0,33952.70609404473,274.49631515829464,29445.23885585538,44943.11616492556,36924.83073425914,2414.7006515518974,-36609.73615118136,-2961.841636324636,34169.5125924499,373.3589529025243,29513.290386627505,45152.29005442253
95.0,23.07370397119488,72.5714,1095.0,5700.00000000746,0.0,-95.0,0.0,5.0,0.0,33902.63967097296,295.8411495312766,29438.117424993696,44900.771220250805,36592.0770300998,2505.564021938424,-36257.93836251613,-2548.917684140263,33733.63677826031,163.45897366400877,29356.327217832448,44718.88769685711
96.0,23.074242960365343,72.5714,1096.0,5760.0000000061145,0.0,-96.0,0.0,5.0,0.0,33907.12047101252,274.18973461349697,29374.761052151327,44862.50757054614,36658.533547809326,2325.5132559888784,-36440.11091482978,-2679.97624105275,33820.08207483319,248.06674934417217,29485.201012018937,44869.10482035212
97.0,23.07478194953582,72.5714,1097.0,5820.000000006893,0.0,-97.0,0.0,5.0,0.0,33931.51334288719,276.2474690377369,29458.555580162843,44935.8476861428,36615.172592747535,2183.294885741811,-36595.998853353085,-2520.324554961745,33738.094119262336,154.2406003873271,29664.6401938787,44925.20075409008
98.0,23.07532093870629,72.5714,1098.0,5880.000000006965,0.0,-98.0,0.0,5.0,0.0,33919.864702790524,216.5260427920056,29494.716379221267,44950.44381620192,36840.92983783477,2360.66559653782,-36599.98415703623,-2710.399168519607,33996.68405374113,255.7716191980792,29605.013142965232,45081.00208476103
99.0,23.075859927876763,72.5714,1099.0,5940.000000007036,0.0,-99.0,0.0,5.0,0.0,33882.89773573837,229.893571712587,29481.60780603661,44914.01572843134,36822.66229724258,2344.256596375708,-36441.02359972376,-2710.266669569518,33912.7793569923,323.74141427266915,29535.43380466424,44972.47227192498
100.0,23.07639891704724,72.5714,1099.0,6000.000000007461,0.0,-99.0,0.0,0.0,0.0,36368.1236568941,235.824302229901,26430.79986057523,44958.68339591859,36331.60230393509,5539.108310786376,-36097.79505617252,-5979.681318684002,36350.63126731041,292.0152166061827,26375.06682734032,44912.11213654243
101.0,23.076937906217708,72.5714,1099.0,6060.000000007178,0.0,-99.0,0.0,0.0,0.0,36331.86909859334,216.62113742244853,26474.53716409004,44955.00811886574,36592.13868365249,5575.87755830305,-36215.61344088399,-5705.271913343131,36411.562479312,219.06961198731352,26641.800452977008,45118.01641313572
102.0,23.07747689538818,72.5714,1099.0,6120.000000007249,0.0,-99.0,0.0,0.0,0.0,36356.49215161451,155.13648317346264,26505.75383511254,44993.03918681647,36348.43658118807,5582.785323563467,-36233.44000438,-5861.664776942618,36384.46674841526,170.55332404194726,26473.282229033604,44996.59077064555
103.0,23.078015884558653,72.5714,1099.0,6180.00000000732,0.0,-99.0,0.0,0.0,0.0,36356.57629613295,133.95091026446863,26517.358473803142,44999.876480398,36209.37060100693,5604.141232073848,-36278.18578664784,-5655.82007813963,36263.738915120375,-7.420252699973743,26512.326374845587,44921.73488380095
104.0,23.078554873729125,72.5714,1099.0,6240.000000007391,0.0,-99.0,0.0,0.0,0.0,36396.040332100456,136.82770326962196,26423.673146370536,44976.671466689135,36315.29676493467,5564.840043285838,-36052.97398586063,-5782.506984335359,36249.92584480843,207.84164559118813,26422.835053330637,44858.29392831688
105.0,23.0790938628996,72.5714,1099.0,6300.000000007816,0.0,-99.0,0.0,0.0,0.0,36371.49614027432,121.26537034320091,26434.382330068667,44963.06268421093,36377.16999618262,5604.985416790762,-36279.67036964297,-5830.777867215064,36413.16551556499,139.98957574650558,26509.50399995059,45041.00378842201
106.0,23.07963285207007,72.5714,1099.0,6360.000000007533,0.0,-99.0,0.0,0.0,0.0,36311.42186224429,110.5977916493402,26409.981807879285,44900.09720058416,36249.20141263621,5697.929361990052,-36259.21715552513,-5776.920170442778,36365.82183397691,29.867079502972143,26428.31063428609,44954.74938963968
107.0,23.080171841240546,72.5714,1099.0,6420.000000007958,0.0,-99.0,0.0,0.0,0.0,36321.01387835731,146.56520398560235,26407.477358118103,44906.48495407277,36581.50605854486,5515.740954402995,-36270.79321289819,-5693.305173451238,36399.6302960448,211.43017105554148,26692.311597131426,45138.20207766732
108.0,23.08071083041101,72.5714,1099.0,6480.000000006967,0.0,-99.0,0.0,0.0,0.0,36343.55454356147,62.11611396772582,26418.35201625904,44930.91517571638,36378.60991124356,5545.649167738456,-36238.34920591052,-5774.702935459525,36345.92192109274,159.917857825058,26542.20941993868,45006.00509828997
109.0,23.081249819581487,72.5714,1099.0,6540.000000007746,0.0,-99.0,0.0,0.0,0.0,36394.27888361939,81.91213477304137,26434.480231780228,44981.46273945376,36536.38101855856,5688.96867103229,-36132.01307760649,-5708.533340175572,36401.60081044414,183.56820491760504,26531.074529053894,45044.5130344973
110.0,23.08178880875196,72.5714,1099.0,6600.000000007817,0.0,-99.0,0.0,0.0,0.0,36483.3864864945,79.45451887983302,26434.48976009489,45053.59088263733,36543.90075394455,6023.631673975654,-36283.361128823206,-6095.777541010734,36782.987568788216,144.05704383899328,26287.271309750773,45210.94513311964
111.0,23.08232779792243,72.5714,1099.0,6660.000000007888,0.0,-99.0,0.0,0.0,0.0,36547.04331072307,138.15902577755867,26438.58467232534,45107.69581953825,36239.027966738126,6016.480471749865,-36295.27922246842,-6034.698750911442,36626.5900120705,-16.468761945027946,26189.9626596866,45026.897641834046
112.0,23.082866787092904,72.5714,1099.0,6720.00000000796,0.0,-99.0,0.0,0.0,0.0,36645.48712508164,206.25693965839235,26489.979912186627,45217.84276486145,36525.64487555527,5445.030490423448,-36206.57211825915,-6041.440538266701,36467.76165044259,396.4156829892629,26520.18593976294,45092.9600654782
113.0,23.083405776263376,72.5714,1099.0,6780.000000008031,0.0,-99.0,0.0,0.0,0.0,36638.455439311205,251.5609700291352,26465.653391134743,45198.12506420722,36244.55949108613,5663.901210362274,-36196.08512947476,-5883.778918283115,36368.01142705496,116.1998546865072,26367.427080871294,44920.89679013203
114.0,23.08394476543385,72.5714,1099.0,6840.000000008102,0.0,-99.0,0.0,0.0,0.0,36601.38389401827,245.7358900202901,26494.43804133064,45184.91934496345,36492.561093802535,5666.375154411279,-36264.27389441642,-6034.86678460538,36571.4200868832,258.4128134286002,26437.84731186688,45127.54496800169
115.0,23.08448375460432,72.5714,1099.0,6900.000000008173,0.0,-99.0,0.0,0.0,0.0,36600.38912161044,221.7845359198687,26541.46839190239,45211.58277070188,36722.06153563804,5654.488274381239,-36090.5887615268,-5850.070791052263,36510.42264211063,358.12544607587853,26547.18223210665,45143.01828417492
116.0,23.0850227437748,72.5714,1099.0,6960.000000008952,0.0,-99.0,0.0,0.0,0.0,36599.729085776686,204.4539352690609,26489.95195188015,45180.74285552213,36441.02352467081,5703.060350665583,-36496.06345147832,-6008.807376749264,36654.07258854232,108.55935844113029,26511.297610837937,45236.95086398791
117.0,23.085561732945266,72.5714,1099.0,7020.000000008315,0.0,-99.0,0.0,0.0,0.0,36504.69015844685,212.43973894681943,26518.08609214715,45120.35487667864,36432.41381823498,5559.004831331387,-36112.37081809789,-6007.1814000432,36421.118754203744,332.64883115373607,26404.507652931545,44986.73772287117
118.0,23.08610072211573,72.5714,1099.0,7080.000000007324,0.0,-99.0,0.0,0.0,0.0,36539.56253901202,253.7860673031981,26525.98025616792,45153.42364052739,36599.35404846079,5600.695147606596,-36179.44741798609,-5951.2189993228085,36516.27102025242,333.6061847136053,26512.019906674712,45126.89377569569
119.0,23.08663971128621,72.5714,1099.0,7140.000000008457,0.0,-99.0,0.0,0.0,0.0,36505.31734765772,250.4256991507501,26513.670467506858,45118.462178398106,36627.26611491956,5471.595596910444,-36397.085814581456,-5931.285766716303,36558.06440154198,298.722676232691,26682.87946430107,45260.99164325729
120.0,23.087178700456683,72.5714,1099.0,7200.000000008528,0.0,-99.0,0.0,0.0,0.0,36486.040529698206,230.32743823217888,26532.41904468769,45113.7835326022,36474.645451469805,5405.678940676809,-36105.75177039906,-5783.073691912519,36273.10591369314,323.15237046392315,26583.361897210765,44972.411207746176
121.0,23.087717689627155,72.5714,1099.0,7260.000000008599,0.0,-99.0,0.0,0.0,0.0,36457.09463289291,260.02899031206243,26650.75105189233,45160.268995849125,36555.77889522656,5365.142118074614,-36140.68555369454,-5703.617030092035,36271.40579438085,326.30462552964246,26685.57918369712,45031.56103644038
122.0,23.088256678797627,72.5714,1099.0,7320.00000000867,0.0,-99.0,0.0,0.0,0.0,36501.60658750218,304.21909891787925,26691.216467834165,45220.359012967936,36761.26629676321,5478.363420726609,-36329.74192338654,-5716.351751205976,36496.7888169458,289.9075048478667,26801.88108992109,45281.78960982414
123.0,23.0887956679681,72.5714,1099.0,7380.000000008741,0.0,-99.0,0.0,0.0,0.0,36543.05874635928,310.77044396913954,26676.435310382032,45245.1535711584,36712.14124876823,5586.990594418076,-36420.33785599879,-5692.290576904811,36551.364388628,171.95080545019138,26783.22035783487,45314.15560822134
124.0,23.08933465713857,72.5714,1099.0,7440.000000008104,0.0,-99.0,0.0,0.0,0.0,36583.77631559904,274.2743071553065,26825.871778070254,45366.0149512696,36734.492240631625,5756.377864284312,-36521.15306337968,-5763.669364014409,36708.9516781996,95.53588556030073,26732.29812569639,45411.14426546565
125.0,23.089873646309044,72.5714,1099.0,7500.000000008883,0.0,-99.0,0.0,0.0,0.0,36747.93786838459,198.6615883628632,26830.284394081744,45500.70949636557,36861.82731869243,5519.64513251345,-36428.43756128015,-6001.384087252367,36724.36760910336,396.2623562277317,26746.86362704334,45433.80805113277
126.0,23.09041263547952,72.5714,1099.0,7560.000000009309,0.0,-99.0,0.0,0.0,0.0,36746.98137218809,225.26067722817777,26841.42410886359,45506.63062161961,36853.78036090636,5701.018993560184,-36523.54727892808,-5976.592196721279,36829.86887210592,262.3218163514852,26716.76092580473,45500.476571553154
127.0,23.09095162464999,72.5714,1099.0,7620.000000009026,0.0,-99.0,0.0,0.0,0.0,36703.25896092776,238.0229783329341,26832.011622366896,45465.8412546603,36852.38246259804,5546.184381614132,-36674.8365411628,-5863.564338395684,36778.78588460215,214.30919176303036,26897.653642276666,45565.43416927972
128.0,23.09149061382046,72.5714,1099.0,7680.000000009097,0.0,-99.0,0.0,0.0,0.0,36648.533061237904,238.4574162733903,26862.974876932185,45439.97421564754,37053.79204356663,5458.060625852412,-36351.78183919359,-5620.788749728136,36582.82838289999,374.4426799447569,26988.263378945856,45462.18098622884
129.0,23.092029602990934,72.5714,1099.0,7740.000000009168,0.0,-99.0,0.0,0.0,0.0,36708.99401597002,190.21350459849984,26838.56186136236,45474.11159800737,36763.13822587818,5664.739395073221,-36462.76251692711,-5913.070644352304,36721.08393630009,237.59708253029552,26694.406321967068,45399.182665690125
130.0,23.09256859216141,72.5714,1099.0,7800.000000009592,0.0,-99.0,0.0,0.0,0.0,36677.39377218673,198.3663392014984,26796.080155031832,45423.56739402423,36696.28958341575,5565.020703063439,-36677.90205765439,-5948.258449947184,36757.35308534177,173.9088444562522,26786.56085797277,45482.44818305786
131.0,23.09310758133188,72.5714,1099.0,7860.00000000931,0.0,-99.0,0.0,0.0,0.0,36681.18935290378,254.53875125643904,26809.697830940026,45434.94624301632,36978.98989106979,5450.092670006391,-36474.63290800185,-5785.613073946618,36671.554973852944,363.6775766065783,26941.1483701429,45505.611533986645
132.0,23.09364657050235,72.5714,1099.0,7920.00000000938,0.0,-99.0,0.0,0.0,0.0,36651.01659538208,342.4542858410032,26824.83659963529,45420.10734256357,36760.49155256288,5378.175689250875,-36448.398146310006,-5927.501581330533,36595.88099269432,373.0054978330664,26804.87726938249,45364.072614344455
133.0,23.094185559672823,72.5714,1099.0,7980.0000000094515,0.0,-99.0,0.0,0.0,0.0,36645.00757341411,338.0813775413033,26795.61218007444,45397.97034205792,37035.9994982685,5363.57444325211,-36418.75267638901,-5741.228986330384,36615.36164299732,430.8049281566153,26998.319768946312,45494.83016211711
134.0,23.094724548843296,72.5714,1099.0,8040.000000009523,0.0,-99.0,0.0,0.0,0.0,36625.77989584458,337.59517429303,26861.42648836156,45421.33811844617,36827.194699412976,5302.297330981598,-36374.5661376596,-5878.351397605831,36538.65515820229,445.4326443033736,26855.92932845538,45348.7890809184
135.0,23.095263538013768,72.5714,1099.0,8100.000000009594,0.0,-99.0,0.0,0.0,0.0,36639.57452447763,341.02774550818776,26827.02321860261,45412.15581790189,36850.24624262944,5516.4764129118485,-36390.20849300638,-5874.714106008672,36646.57737725926,354.32366034418374,26781.51700852564,45391.04352184115
136.0,23.09580252718424,72.5714,1099.0,8160.000000009665,0.0,-99.0,0.0,0.0,0.0,36669.963798170415,343.897795385954,26841.561873068986,45445.285282838646,36959.05920805586,5493.686451172241,-36356.69428210728,-5869.324759373849,36666.98069594958,423.4878228786977,26826.3243241293,45434.55174244197
137.0,23.09634151635472,72.5714,1099.0,8220.000000010445,0.0,-99.0,0.0,0.0,0.0,36626.67860260405,306.6449608362378,26872.766675943283,45428.55055370078,36989.55387098328,5309.735324694535,-36502.87500258935,-5818.652840227026,36641.88862216551,431.1058801980993,27004.421768169344,45519.80502058749
138.0,23.096880505525185,72.5714,1099.0,8280.000000009808,0.0,-99.0,0.0,0.0,0.0,36559.313957310376,339.78634811974325,26839.17378403416,45354.60441014941,36923.78705125926,5224.673576677144,-36445.58482340552,-5885.326754866007,36580.64121316855,493.1388564350651,26959.09868999864,45444.24605684836
139.0,23.097419494695657,72.5714,1099.0,8340.000000009879,0.0,-99.0,0.0,0.0,0.0,36493.6916020478,432.520084522106,26891.84051181835,45333.73673636405,36822.24373514591,5403.105591635519,-36359.93435112367,-5899.88831069669,36583.152592613296,415.299062919632,26794.472734372997,45348.024169076525
140.0,23.09795848386613,72.5714,1099.0,8400.00000000995,0.0,-99.0,0.0,0.0,0.0,36461.95585615025,503.365636634618,26938.24247545042,45336.48100025138,36851.65465851592,5176.362256714934,-36662.34497061888,-5713.626914793059,36547.99924104694,314.61592067627635,27116.991971583568,45510.28988358609
141.0,23.0984974730366,72.5714,1099.0,8460.000000009313,0.0,-99.0,0.0,0.0,0.0,36511.69352535415,494.92326195796943,26925.45778067745,45368.81076051762,36955.86941708225,5224.436354585058,-36368.99907104601,-5844.924582630622,36543.773307580006,522.801598315894,26957.425532292105,45413.91285053593
142.0,23.099036462207074,72.5714,1099.0,8520.000000010092,0.0,-99.0,0.0,0.0,0.0,36464.22476189073,463.521800943915,26908.12719161315,45319.99391996502,36874.18563906032,5221.1910771789935,-36164.12109954103,-5784.714596041962,36392.21149484677,551.4798062577646,26860.81759018213,45234.95008370635
143.0,23.099575451377547,72.5714,1099.0,8580.000000010163,0.0,-99.0,0.0,0.0,0.0,36540.900341935245,465.8709255853323,26938.215229758487,45399.58010029764,36841.62642334932,5250.843155790071,-36462.894309123054,-5972.405044789858,36601.59761062217,476.4412792127149,26881.97955594195,45415.248196927445
144.0,23.10011444054802,72.5714,1099.0,8640.000000010234,0.0,-99.0,0.0,0.0,0.0,36545.628208071386,512.451420720302,26931.24655003181,45399.75317465703,36996.78565918648,5134.924245274203,-36515.4972112276,-5841.64909365603,36584.74790699138,514.4248473323661,27078.75654897482,45518.86936843126
145.0,23.10065342971849,72.5714,1099.0,8700.000000010305,0.0,-99.0,0.0,0.0,0.0,36536.22815187237,553.3410516755787,26905.06435210179,45377.13787443936,37071.56110879839,5375.242100644199,-36249.32776305602,-5817.469866866866,36595.46264609417,547.5277225296176,26902.28974498748,45423.131402534
146.0,23.101192418888964,72.5714,1099.0,8760.000000010376,0.0,-99.0,0.0,0.0,0.0,36515.60085071594,574.3581538678962,26946.48313586812,45385.37149973928,36993.98373146335,5317.579624655963,-36008.26126562656,-5762.175129903419,36408.573892962566,619.3458492241801,26813.22480781272,45220.75703473539
147.0,23.10173140805944,72.5714,1099.0,8820.000000010801,0.0,-99.0,0.0,0.0,0.0,36538.43048461946,589.50013230037,27001.196258939533,45436.42824979887,37219.41180200718,5175.64307665506,-36399.89319547832,-5601.814315059022,36544.87011310294,539.3995254740563,27211.31822367416,45566.15325986721
148.0,23.10227039722991,72.5714,1099.0,8880.000000010517,0.0,-99.0,0.0,0.0,0.0,36591.08207741198,594.5566796189256,26931.31040783628,45437.3884100353,37070.476938597145,4906.9397847065775,-36274.97823306153,-5958.759088386024,36464.49934237963,799.9121624243666,27054.52808840949,45411.97046863896
149.0,23.10280938640038,72.5714,1099.0,8940.000000010588,0.0,-99.0,0.0,0.0,0.0,36569.60964528291,616.1678355687646,26948.13133290221,45430.36203625615,37010.61886019927,5196.726695738311,-36373.20339909568,-5905.116724174792,36583.36636691661,582.7508712471232,26968.88793643475,45453.30801869057
150.0,23.103348375570853,72.5714,1099.0,9000.000000010306,0.0,-99.0,0.0,0.0,0.0,36651.166347540704,617.8620338086154,26927.48281927001,45483.83316201488,37078.19128769045,5255.1114217226495,-36503.78693651428,-6098.919769666986,36778.3709249895,614.1041127040248,26945.491477885167,45596.986772616176
151.0,23.103887364741325,72.5714,1099.0,9060.000000010376,0.0,-99.0,0.0,0.0,0.0,36654.90923628752,567.1614831188891,26888.12375110128,45462.899622911726,36947.21957010827,5380.718710497983,-36413.25404534464,-6143.724169091138,36756.24704141356,561.6049097791231,26775.78674322669,45478.344872728885
152.0,23.1044263539118,72.5714,1099.0,9120.000000011156,0.0,-99.0,0.0,0.0,0.0,36676.55564282945,549.0729689533946,26845.70459745424,45455.06649737272,36866.78663498622,5411.612890345466,-36409.30268894219,-5870.91098965391,36614.95357169186,396.978270504348,26844.001272807815,45402.78428839922
153.0,23.10496534308227,72.5714,1099.0,9180.00000001052,0.0,-99.0,0.0,0.0,0.0,36660.25466892202,513.4952813202678,26864.660578471165,45452.70000550704,37033.20808589591,5501.573808807018,-36421.33448149665,-6111.012265178173,36835.14721521597,528.8436352877471,26778.352671511388,45543.25326277272
154.0,23.105504332252742,72.5714,1099.0,9240.00000001059,0.0,-99.0,0.0,0.0,0.0,36583.72611901212,522.4403232047408,26825.77369585422,45368.09556310893,36808.29306427706,5300.40673802511,-36448.37392207262,-5893.378881511713,36568.11865889572,412.61403022662336,26874.015947859894,45382.9294532079
155.0,23.10604332142321,72.5714,1099.0,9300.000000010306,0.0,-99.0,0.0,0.0,0.0,36478.81389750241,625.2037964619261,26858.34240355505,45304.14219276565,36886.76915662721,4896.763602548715,-36368.4950414921,-5808.186535060322,36355.83926096357,619.0769814888323,27085.08049554842,45340.17964375932
156.0,23.106582310593687,72.5714,1099.0,9360.000000010732,0.0,-99.0,0.0,0.0,0.0,36440.690983160406,644.2708004512831,26839.719183692032,45262.67303257672,36898.12574680115,5387.543365504378,-36341.57564039508,-5686.348005092308,36508.85660629216,370.3794696391927,26918.58536060615,45361.26133019862
157.0,23.10712129976416,72.5714,1099.0,9420.000000010805,0.0,-99.0,0.0,0.0,0.0,36491.29825135857,648.810297278405,26851.378783618955,45310.39997012653,36995.04202792059,5425.413374540382,-36205.654899454006,-5820.972765345208,36566.65960587101,513.0968939074883,26827.00350796087,45354.95541140264
158.0,23.107660288934632,72.5714,1099.0,9480.000000010874,0.0,-99.0,0.0,0.0,0.0,36550.45871465813,682.2174370983714,26851.245298431622,45358.47028902051,37057.75371998668,5270.415857698925,-36211.01002391344,-5849.874757054819,36541.53243797007,617.5638392924598,26911.078268127647,45385.80297366251
159.0,23.108199278105104,72.5714,1099.0,9540.000000010945,0.0,-99.0,0.0,0.0,0.0,36497.31176772309,766.1959504469505,26822.826987283155,45300.16412878197,37009.03160589185,4940.73860988273,-35997.15863469294,-5925.922679905709,36318.01005657187,864.7510652523669,26907.205325294097,45207.7797208804
160.0,23.108738267275577,72.5714,1099.0,9600.000000011016,0.0,-99.0,0.0,0.0,0.0,36480.59200298267,763.9788143895648,26850.919146407283,45303.301375549,36770.159537829575,5216.391079331322,-36015.928467942475,-5851.341003480765,36309.76920054187,601.5330156450793,26724.83205454654,45088.555418301534
161.0,23.10927725644605,72.5714,1099.0,9660.000000011089,0.0,-99.0,0.0,0.0,0.0,36501.17159046856,745.0042885723324,26799.027519171133,45288.83344534403,36953.18248370979,5159.65828668522,-36222.49668367292,-6101.101319960274,36562.0504916989,724.0530240242755,26809.94660643423,45344.02966189698
162.0,23.10981624561652,72.5714,1099.0,9720.00000001116,0.0,-99.0,0.0,0.0,0.0,36578.54437653504,669.4879554210945,26806.02648381457,45354.17487596445,36888.433213863405,5099.516506364562,-36285.22755722158,-5742.973771292757,36380.06056820071,539.8208800178777,26990.18854746368,45301.99213451981
163.0,23.110355234787,72.5714,1099.0,9780.000000012293,0.0,-99.0,0.0,0.0,0.0,36588.95151200536,666.4258484101508,26831.44962319067,45377.551554057296,36988.95596736498,5331.922584776797,-36320.97969688344,-6074.672001561468,36683.33365874047,610.862141471896,26804.932976301472,45437.25952055625
164.0,23.110894223957462,72.5714,1099.0,9840.000000010948,0.0,-99.0,0.0,0.0,0.0,36546.739858511,677.7776552527371,26815.32255276845,45334.14938481419,37097.42556902293,5546.594295013369,-36358.641008323706,-6072.027219852756,36838.42055344686,547.4222291924591,26776.399164616352,45544.971755315615
165.0,23.11143321312794,72.5714,1099.0,9900.000000011372,0.0,-99.0,0.0,0.0,0.0,36551.053885065005,667.1292770847239,26858.97743772405,45363.30312688262,37096.0386407107,5223.691392291763,-36293.889344251205,-5799.143384862478,36551.79847781082,596.5188562931725,27005.743539076662,45449.97239610589
166.0,23.11197220229841,72.5714,1099.0,9960.000000011443,0.0,-99.0,0.0,0.0,0.0,36602.68931565814,665.5482152348397,26899.820103214657,45429.06713934052,37076.60542340541,5210.33382051895,-36466.00229506978,-5681.272451742059,36561.0871322745,468.32131951578975,27128.67941247853,45529.08591018622
167.0,23.112511191468883,72.5714,1099.0,10020.000000011514,0.0,-99.0,0.0,0.0,0.0,36646.89986658821,671.3434748856323,26807.73848302657,45410.36021072017,37087.418988034566,5153.909148415452,-36468.24292620449,-5944.936389823797,36656.47699935264,610.6359425525968,27044.594810557872,45557.439466300784
168.0,23.113050180639355,72.5714,1099.0,10080.000000011583,0.0,-99.0,0.0,0.0,0.0,36691.41928833644,744.9226117715779,26834.91910888406,45463.48031849725,36926.08184124234,5204.161712547711,-36158.62529641944,-5999.080966907386,36497.75288726557,676.5285661750574,26795.460122095403,45282.89235324482
169.0,23.113589169809828,72.5714,1099.0,10140.000000011656,0.0,-99.0,0.0,0.0,0.0,36747.58754897977,714.7992734606607,26821.701144860148,45500.54704039793,37140.57777815798,5542.314828431097,-36298.16097593983,-6201.980113614183,36885.33557614287,650.4206231295118,26714.477806794563,45547.93466274165
170.0,23.1141281589803,72.5714,1099.0,10200.000000011729,0.0,-99.0,0.0,0.0,0.0,36764.43316979031,668.4904571735187,26723.23561611777,45455.49194081894,37119.56627596322,5370.598817592508,-36371.03602583575,-6202.784158103112,36833.78609872789,684.4699288253425,26810.94243404913,45563.39464583607
171.0,23.11466714815077,72.5714,1099.0,10260.000000011443,0.0,-99.0,0.0,0.0,0.0,36755.96082478978,645.3538841597191,26713.952183449383,45442.84739151917,36932.31147402044,5352.637252346476,-36213.22196361849,-6278.440392429504,36709.34942206234,712.2594109091506,26636.54070829706,45360.654199033146
172.0,23.115206137321245,72.5714,1099.0,10320.000000011869,0.0,-99.0,0.0,0.0,0.0,36757.58904142367,670.6373514492858,26758.750223072184,45470.87881376513,37110.38230217282,5317.058974757673,-36216.64678817878,-6240.417266779716,36756.069002545744,786.8246985346327,26747.000973739265,45464.59900532872
173.0,23.11574512649172,72.5714,1099.0,10380.00000001265,0.0,-99.0,0.0,0.0,0.0,36679.15314257152,643.0393874678841,26743.848157818546,45398.31703046385,36943.92179694983,5400.070124900188,-36083.17083840376,-5876.156685211886,36504.40813156396,578.8676260314855,26738.90925517173,45253.46582219497
174.0,23.11628411566219,72.5714,1099.0,10440.00000001201,0.0,-99.0,0.0,0.0,0.0,36648.12670942869,598.0812159068735,26764.862120267204,45385.02767177823,37082.03013669392,5221.361990606665,-36322.42712090621,-6207.254203754582,36733.79834525489,755.8216052213871,26836.326390835813,45498.69911683455
175.0,23.116823104832665,72.5714,1099.0,10500.000000012791,0.0,-99.0,0.0,0.0,0.0,36748.33665043734,582.621061770579,26747.72854204782,45455.700148986536,37134.34183611464,5489.998761596813,-36309.5752293836,-5984.833643010361,36770.8971493588,571.4042058024772,26833.40078280011,45524.24384331396
176.0,23.11736209400313,72.5714,1099.0,10560.0000000118,0.0,-99.0,0.0,0.0,0.0,36843.33610257123,530.50807043647,26740.55444718242,45527.68505121421,36952.937861450446,5421.668887102226,-36456.409614106335,-5978.074925985983,36723.41376392004,455.9339201944812,26850.946025151163,45494.94803449321
177.0,23.117901083173606,72.5714,1099.0,10620.000000012224,0.0,-99.0,0.0,0.0,0.0,36862.41933038884,481.2725047483568,26756.540403320207,45551.97071991242,37190.45136647458,5632.327789109723,-36529.10222906806,-6119.770736005892,37010.31101995807,497.4415643362965,26832.695149430307,45716.56263200701
178.0,23.11844007234408,72.5714,1099.0,10680.000000012296,0.0,-99.0,0.0,0.0,0.0,36773.19862612345,475.3484117586733,26789.576242852523,45499.18118582462,36951.30218966652,5695.744929698227,-36309.74118022392,-5997.731601284611,36786.38620023345,408.5681307264962,26659.538465845177,45432.76492578952
179.0,23.11897906151455,72.5714,1099.0,10740.000000012367,0.0,-99.0,0.0,0.0,0.0,36853.81764886705,468.983877963079,26779.540056807364,45558.39754455685,37265.33618097776,5476.35933898597,-36420.13046315844,-6514.602975235358,37098.98199173517,815.5574936824437,26714.504011797653,45723.7829082956
180.0,23.119518050685024,72.5714,1099.0,10800.000000012438,0.0,-99.0,0.0,0.0,0.0,36784.651217619605,413.4273027183538,26739.937420459853,45478.62949327591,36856.4547453832,5597.449887534227,-36567.36985930688,-6000.096872970024,36815.33373342455,299.5286866684203,26771.563617249947,45521.15040121489
181.0,23.120057039855496,72.5714,1099.0,10860.00000001251,0.0,-99.0,0.0,0.0,0.0,36784.69380415188,456.9007548422151,26780.954754472496,45503.20861352624,36973.57709070776,5613.293005167405,-36436.5019304246,-6137.843448936006,36875.88800935732,459.6973712084088,26699.105316766367,45528.94313365445
182.0,23.120596029025968,72.5714,1099.0,10920.00000001258,0.0,-99.0,0.0,0.0,0.0,36774.2350802524,480.7992515965309,26828.58737768837,45523.05607426046,37027.23966590811,5544.752540735227,-36373.85472480346,-6284.263821271747,36905.72053960775,603.1417563883045,26661.49186832792,45532.7479641943
183.0,23.12113501819644,72.5714,1099.0,10980.000000012653,0.0,-99.0,0.0,0.0,0.0,36746.37221005807,523.0830443743273,26788.45392983315,45477.3652537417,36893.82533143878,5507.745035491736,-36405.9807361656,-5982.635746367053,36715.22790163216,416.8766161223893,26764.266245385945,45436.8539143696
184.0,23.12167400736692,72.5714,1099.0,11040.000000013784,0.0,-99.0,0.0,0.0,0.0,36751.49159095006,583.4103954408995,26771.097454209008,45472.01513845562,36801.61564129996,5581.788993041751,-36351.26389103257,-6195.562808224033,36775.868942092624,460.7798862479448,26576.38309289003,45375.995778049815
185.0,23.122212996537385,72.5714,1099.0,11100.000000012791,0.0,-99.0,0.0,0.0,0.0,36746.89784351566,540.5212215445157,26707.72020977308,45430.48517368307,36851.43595871342,5179.531540286274,-36047.77757511914,-6114.027375169915,36456.53987806332,752.642854448479,26676.03095814202,45180.26559048679
186.0,23.122751985707858,72.5714,1099.0,11160.000000012864,0.0,-99.0,0.0,0.0,0.0,36781.80330999134,473.2919753841393,26781.558414044208,45501.39482602391,37106.51601178817,5477.134295929195,-36531.663834991225,-6043.125046365,36874.685842185005,493.9994783556773,26897.848593573213,45645.161303332505
187.0,23.12329097487833,72.5714,1099.0,11220.000000012937,0.0,-99.0,0.0,0.0,0.0,36815.61230653618,409.4902587291137,26751.120910734742,45510.21271932183,36898.38733109408,5453.335429067761,-36543.24997961176,-5953.620697845253,36740.518696177765,370.4088600584203,26861.80491041654,45514.38761351268
188.0,23.1238299640488,72.5714,1099.0,11280.000000012653,0.0,-99.0,0.0,0.0,0.0,36834.69055310626,411.8835418298122,26735.42083047429,45516.44541457169,36901.99608148315,5637.771187070346,-36289.725520513006,-6085.670599488068,36769.34433049727,459.0670646416768,26616.545923549653,45394.22806882984
189.0,23.124368953219275,72.5714,1099.0,11340.000000013077,0.0,-99.0,0.0,0.0,0.0,36900.66926663012,386.5490064066412,26766.37030785043,45587.79871760152,37170.0082957847,5792.0169055954775,-36523.06997228495,-6103.809328998584,37061.082790693545,415.1425911035446,26758.9950725297,45713.67430300542
190.0,23.124907942389747,72.5714,1099.0,11400.00000001315,0.0,-99.0,0.0,0.0,0.0,36873.06570658508,419.941544807568,26752.09391873393,45557.368828104605,37039.15283279202,5628.86310980266,-36511.69198088552,-6132.19901257132,36941.13932595722,446.3480878436183,26755.76075249443,45614.88501311854
191.0,23.12544693156022,72.5714,1099.0,11460.00000001322,0.0,-99.0,0.0,0.0,0.0,36864.978196297954,443.45060667029327,26761.82530889652,45556.76195383046,37079.39300096872,5504.996460172291,-36632.817062374765,-6104.707179058152,36945.4723829663,453.055412509109,26891.17410098408,45698.0134506607
192.0,23.12598592073069,72.5714,1099.0,11520.000000013291,0.0,-99.0,0.0,0.0,0.0,36778.92201271874,468.6342156999609,26754.486880939825,45483.08796363933,37058.09651080312,5588.476606203863,-36373.69277258736,-5933.3368616639455,36785.98906280063,445.6843828619493,26807.805901961416,45519.952583178856
193.0,23.126524909901164,72.5714,1099.0,11580.000000013362,0.0,-99.0,0.0,0.0,0.0,36729.83131752091,425.7896423974099,26768.1275357504,45451.01161914123,36796.82837408473,5794.11570613015,-36351.13731328026,-5879.90232241297,36728.99634868319,230.136584950964,26619.000171727315,45361.25335318387
194.0,23.12706389907164,72.5714,1099.0,11640.00000001414,0.0,-99.0,0.0,0.0,0.0,36702.67833967225,415.9262243438312,26760.792944797005,45424.65884256965,36898.07070619486,5469.516917475505,-36264.84347630486,-6027.99391843308,36659.039380564616,516.0230688556962,26701.90291638092,45355.73907973732
195.0,23.12760288824211,72.5714,1099.0,11700.000000013504,0.0,-99.0,0.0,0.0,0.0,36680.46928023002,455.71278499572185,26735.573888704577,45392.23955610352,36896.77662677181,5456.0004680277225,-36193.106361505,-5998.843818956846,36608.94078820173,539.7562288944381,26688.75463927805,45307.78637956479
196.0,23.12814187741258,72.5714,1099.0,11760.000000013575,0.0,-99.0,0.0,0.0,0.0,36666.40242368815,451.82517333322977,26691.818085065766,45355.06989708368,36823.12942230051,5551.490172905455,-36277.86827142647,-6038.141301373264,36672.11816099014,446.8311241935664,26635.20288376507,45326.34930287788
197.0,23.128680866583053,72.5714,1099.0,11820.000000013646,0.0,-99.0,0.0,0.0,0.0,36611.39694347213,438.859650129311,26830.639114385725,45392.40221921943,36749.15195802714,5376.853618182671,-36454.32625815575,-6031.343613157843,36637.93019715967,411.0657539741957,26758.14158343547,45370.7509876706
198.0,23.12921985575353,72.5714,1099.0,11880.000000014425,0.0,-99.0,0.0,0.0,0.0,36626.79068691805,398.5381460165642,26797.564123515287,45384.9101754212,36907.17283298288,5561.520918193237,-36533.89040743469,-5630.532045089774,36647.21431692255,191.51872617359567,26954.61213021855,45492.923754178
199.0,23.129758844924,72.5714,1099.0,11940.000000014496,0.0,-99.0,0.0,0.0,0.0,36570.20234688071,362.0463126137959,26836.962311384275,45362.24557191737,36615.14688445916,5264.709899197626,-36216.66752981475,-5910.0184561897,36375.90006131529,451.9734238201449,26698.30142515956,45124.38015347484
200.0,23.13029783409447,72.5714,1099.0,12000.00000001386,0.0,-99.0,0.0,0.0,0.0,36543.15859290598,345.38595729589224,26922.24844603221,45390.84921870992,36727.863490565214,5284.641879099828,-36511.94386628674,-5667.222726934083,36456.06335347261,259.1583065132975,26971.470385839584,45349.44247765859
201.0,23.130836823264943,72.5714,1099.0,12060.00000001393,0.0,-99.0,0.0,0.0,0.0,36524.02965493264,347.0806187641266,26897.410372176146,45360.73072515002,36719.25238512917,5057.6964436932085,-36272.39911178919,-5736.849779425392,36280.4878560289,487.57516414282895,26932.136604482825,45186.85108186532
202.0,23.13137581243541,72.5714,1099.0,12120.000000013648,0.0,-99.0,0.0,0.0,0.0,36536.35290275762,335.4733268813593,26924.75514977365,45386.78294022564,36784.29649807923,5362.025645379498,-36355.562938704046,-5606.705526590682,36420.08807184288,291.5965733988338,26920.888229634435,45290.63994684641
203.0,23.131914801605888,72.5714,1099.0,12180.000000014072,0.0,-99.0,0.0,0.0,0.0,36626.85632405282,347.21503127699475,26981.931715813545,45493.6457274813,37030.53820373401,5392.612723195847,-36553.41781892381,-6049.165070732481,36817.2227302886,490.8946928950335,26908.352496289997,45604.91531880953
204.0,23.13245379077636,72.5714,1099.0,12240.000000014144,0.0,-99.0,0.0,0.0,0.0,36669.60067818089,382.7080162442575,26999.912176503825,45539.00895783594,37186.306374945,5268.245946825344,-36366.31108356135,-5701.894720090596,36599.42786727163,542.8438036447627,27099.00736663366,45543.04557079643
205.0,23.132992779946832,72.5714,1099.0,12300.000000014215,0.0,-99.0,0.0,0.0,0.0,36586.2171767797,356.92825974436585,27026.263832341832,45487.33474083134,37146.55656435632,5203.148200872157,-36525.414818679616,-5644.848377040901,36598.21969061432,460.2240522626122,27203.57907397496,45603.46702976385
206.0,23.133531769117305,72.5714,1099.0,12360.000000014286,0.0,-99.0,0.0,0.0,0.0,36516.9800838924,363.9082408816939,27039.368130116523,45439.516860670265,37005.583618342105,5291.662880707799,-36327.00874857859,-5994.631858164007,36641.05293679188,598.2260340671783,26866.834978330236,45439.53627027293
207.0,23.134070758287777,72.5714,1099.0,12420.000000014355,0.0,-99.0,0.0,0.0,0.0,36531.68148452725,434.2319694828442,26994.476966094942,45425.25834998963,36983.70939576231,5585.576068627775,-36452.86285581328,-5711.121642560133,36690.58216673904,284.2261227325215,26907.354969976783,45500.38852255447
208.0,23.13460974745825,72.5714,1099.0,12480.000000014428,0.0,-99.0,0.0,0.0,0.0,36551.26233957004,390.54818795316135,27020.53726999456,45456.09685028346,36643.48416341841,5114.177961896193,-36513.06178024232,-5637.486025179458,36333.3206930477,283.0735869305679,27022.1065472859,45281.17230695709
209.0,23.13514873662872,72.5714,1099.0,12540.0000000145,0.0,-99.0,0.0,0.0,0.0,36460.83079561885,325.0473681918305,27046.75695194708,45398.512087027855,36994.92083209426,5300.533987108505,-36488.34039773811,-5758.668782541043,36607.96076104134,417.7339482073703,27030.4102169216,45507.805585728776
210.0,23.1356877257992,72.5714,1099.0,12600.000000015632,0.0,-99.0,0.0,0.0,0.0,36503.00414283546,323.1398329762922,27103.133844375323,45465.96083873783,37235.05651444075,5211.09408338342,-36280.34195920059,-5666.003527103926,36543.02274881709,610.3850964420706,27123.179898692037,45512.98682138246
211.0,23.136226714969663,72.5714,1099.0,12660.000000014286,0.0,-99.0,0.0,0.0,0.0,36542.53556040678,327.1643412577406,27028.80579913529,45453.49584594297,36949.551075906056,4988.467300710155,-36461.71599726679,-5698.238850199271,36415.49060941937,518.5788818498993,27160.53159995239,45431.83198125983
212.0,23.13676570414014,72.5714,1099.0,12720.000000014712,0.0,-99.0,0.0,0.0,0.0,36608.677159812345,302.00130941050986,27035.60237908868,45510.5509105574,36950.15077498229,5459.068372098664,-36570.80179974317,-5789.960373878557,36706.478651030426,307.54336445356984,26964.533989112737,45547.18708251463
213.0,23.13730469331061,72.5714,1099.0,12780.000000014785,0.0,-99.0,0.0,0.0,0.0,36688.89277834936,271.2952449197775,27066.281778122622,45593.11421370407,37053.62035713255,5410.645501123011,-36844.45710986504,-5744.171403674393,36828.98359568448,234.9912950506668,27168.628781565814,45766.40299903929
214.0,23.137843682481083,72.5714,1099.0,12840.000000014854,0.0,-99.0,0.0,0.0,0.0,36658.60083567254,276.2753953100073,27069.214801697708,45570.51385823596,37044.35041358201,5281.377506997125,-36717.39516593197,-5462.219764727378,36591.88683234312,219.88276981884508,27287.6586670005,45646.805429407614
215.0,23.13838267165156,72.5714,1099.0,12900.000000015634,0.0,-99.0,0.0,0.0,0.0,36653.962242849935,205.4464657840724,27128.375285554543,45601.577845338405,36961.961990116375,5362.746067014263,-36859.42890484725,-5532.354461800639,36683.31684623936,117.84071757577703,27247.883011500377,45696.0255370718
216.0,23.138921660822028,72.5714,1099.0,12960.000000014996,0.0,-99.0,0.0,0.0,0.0,36589.91497317474,237.94242849431515,27089.80341877169,45527.30986574024,36858.89596788427,5265.981247596412,-36876.82626582854,-5578.960237610813,36624.50172476677,127.75983134304924,27232.506896021565,45639.67441824943
217.0,23.1394606499925,72.5714,1099.0,13020.000000015069,0.0,-99.0,0.0,0.0,0.0,36518.88307277197,307.14329436644834,27074.20925541135,45461.367826890855,36939.32737147947,5440.145275972681,-36641.57421316594,-5510.673706392246,36603.308718319226,159.47060579447194,27119.62128734634,45555.47715447381
218.0,23.139999639162973,72.5714,1099.0,13080.000000015138,0.0,-99.0,0.0,0.0,0.0,36526.60602275395,268.71147865110964,27057.01401770413,45457.09142647032,36698.42983704889,5203.14388321495,-36316.56296996816,-5710.63583759046,36342.22455876986,385.10366623044223,26890.61406924494,45210.73673072441
219.0,23.140538628333445,72.5714,1099.0,13140.00000001521,0.0,-99.0,0.0,0.0,0.0,36546.26311000922,248.925412517188,27026.828051679724,45454.82092916086,36618.07528357445,5146.195125184559,-36419.39922243161,-5807.335540558096,36369.17208406227,372.31145562780034,26883.13626639725,45227.84882589276
220.0,23.14107761750392,72.5714,1099.0,13200.000000015987,0.0,-99.0,0.0,0.0,0.0,36592.813116892285,195.6502400998517,27049.760613345123,45505.62382896791,37026.36899746418,5385.422048549892,-36507.81928200781,-5656.215814311639,36622.40699265843,341.7957535232652,27060.068104032223,45536.41184884801
221.0,23.14161660667439,72.5714,1099.0,13260.000000015352,0.0,-99.0,0.0,0.0,0.0,36571.118287707504,143.5748310040227,27029.478141997617,45475.92764501148,36748.38939342639,5334.385994825971,-36692.578162166414,-5557.236983290612,36517.0828845717,120.66428067823716,27084.66069708041,45465.269682949016
222.0,23.142155595844866,72.5714,1099.0,13320.00000001613,0.0,-99.0,0.0,0.0,0.0,36524.67518750126,138.55934285079127,27011.42246234981,45427.83331486873,36852.6413374121,5623.972021702923,-36677.38577826993,-5528.751727758361,36668.70675578136,34.65628642987235,27010.16466735785,45542.77386762319
223.0,23.14269458501533,72.5714,1099.0,13380.00000001514,0.0,-99.0,0.0,0.0,0.0,36561.83991083934,208.4543375163235,26914.518731903343,45400.47256853886,36961.68671441497,5419.483758623472,-36730.41450159404,-5735.699694772648,36739.95198291739,237.069322639514,27079.27972840052,45641.73160803362
224.0,23.143233574185807,72.5714,1099.0,13440.000000015563,0.0,-99.0,0.0,0.0,0.0,36555.06442657864,264.88197942356226,26881.76766197695,45375.90032524808,36930.37500274226,5590.273638217231,-36364.75101687104,-5948.831332939289,36734.29957426188,400.18240655298086,26741.141532305024,45438.503074164975
225.0,23.14377256335628,72.5714,1099.0,13500.000000015636,0.0,-99.0,0.0,0.0,0.0,36547.89736104181,250.47859237777485,26899.01409895037,45380.26554058512,36709.803715347625,5405.897492268137,-36525.806578022304,-5654.617016916025,36501.29275979767,187.37181095479707,26922.606215917804,45356.43511994052
226.0,23.14431155252675,72.5714,1099.0,13560.000000015709,0.0,-99.0,0.0,0.0,0.0,36484.14238414218,305.6162224005144,26893.14839139861,45325.79262609249,36809.42381372272,5177.380074024943,-36441.10994407319,-5812.842525995733,36477.31751994231,434.647897120244,26959.50555507853,45360.76004675705
227.0,23.144850541697224,72.5714,1099.0,13620.000000015778,0.0,-99.0,0.0,0.0,0.0,36527.54109469451,321.70901191939186,26843.31901391486,45331.31953512659,36631.61616939881,5690.207302361864,-36320.442290272615,-5857.449785524982,36589.45013837217,207.16036166433696,26588.88574607073,45230.51649120836
228.0,23.145389530867696,72.5714,1099.0,13680.000000015849,0.0,-99.0,0.0,0.0,0.0,36463.94209108441,360.9968921871701,26848.909511599544,45283.69832003772,36751.359681843525,5258.036124615851,-36481.36380911353,-5648.80654880609,36433.5008808769,286.12019954874364,26987.89805061331,45341.244936544754
229.0,23.14592852003817,72.5714,1099.0,13740.00000001592,0.0,-99.0,0.0,0.0,0.0,36428.87651305438,371.78815771448967,26854.5141691437,45258.87981046727,36882.10288492759,5249.409355407301,-36200.06110815257,-5733.854836000663,36401.39819389152,505.1037990359234,26889.612387656267,45258.90160704794
230.0,23.14646750920864,72.5714,1099.0,13800.00000001599,0.0,-99.0,0.0,0.0,0.0,36515.66211169674,391.68834753237286,26814.358537409564,45305.15227863104,36795.74375827786,5530.633246615293,-36535.93710912679,-5616.96183203104,36580.5995312979,149.88095313987012,26926.499002087785,45422.45122050043
231.0,23.14700649837912,72.5714,1099.0,13860.000000017124,0.0,-99.0,0.0,0.0,0.0,36434.286619076935,393.1570546292401,26846.081748980014,45258.41268961574,36413.20329059276,5459.779292902106,-36499.54765262204,-5768.554650432721,36434.15850686743,96.31544634660696,26710.13606976436,45176.19452359917
232.0,23.147545487549586,72.5714,1099.0,13920.000000016133,0.0,-99.0,0.0,0.0,0.0,36376.12370800038,486.8175038882228,26849.48565647397,45214.53579678819,36509.48723729818,5288.150700772175,-36101.78391996393,-5781.268145609322,36234.80167468295,390.0668321484414,26648.403748586323,44980.55609799436
233.0,23.14808447672005,72.5714,1099.0,13980.000000015496,0.0,-99.0,0.0,0.0,0.0,36393.57026441608,502.7458871698261,26864.384271779152,45237.59335243058,36715.70694976147,5271.069421868827,-36192.2849377093,-5813.585112959899,36369.88276639775,461.56456488683824,26770.290347061687,45162.26145306565
234.0,23.14862346589053,72.5714,1099.0,14040.000000016276,0.0,-99.0,0.0,0.0,0.0,36501.70417616897,477.172860149914,26830.57199902833,45304.32314358154,37006.40787776703,5548.321278066908,-36266.13357259881,-5844.281338147862,36661.08278836407,448.7026422901102,26794.79950750101,45411.4259402153
235.0,23.149162455061003,72.5714,1099.0,14100.000000016347,0.0,-99.0,0.0,0.0,0.0,36484.60742196125,532.3440382078618,26814.537926200424,45281.66751683606,36879.63771066249,5480.900380557218,-36478.36682920432,-5920.78899596712,36702.02407429403,364.23274646114015,26827.871428164788,45463.237038400526
236.0,23.149701444231475,72.5714,1099.0,14160.000000016418,0.0,-99.0,0.0,0.0,0.0,36479.24427519758,535.5219699655523,26812.394759568542,45276.11466781122,36870.0385400594,5388.630822865618,-36137.81048295225,-5889.37431500885,36496.845441498845,533.8923418971413,26729.80648808813,45241.43369859127
237.0,23.150240433401947,72.5714,1099.0,14220.00000001649,0.0,-99.0,0.0,0.0,0.0,36482.50504467147,485.192684956506,26832.665220770865,45290.18115580882,36675.36096558946,5314.736225198854,-36109.68240567497,-5887.1490145262815,36367.40688147352,492.8080101354022,26666.28969359361,45099.02603205703
238.0,23.15077942257242,72.5714,1099.0,14280.00000001656,0.0,-99.0,0.0,0.0,0.0,36537.239136823206,539.3771765737811,26820.029558851656,45327.41727715898,36910.75095858118,5026.64050722427,-36313.87668907674,-5854.242001977306,36418.754197045215,616.8160994611111,26995.63352848288,45337.295342460624
239.0,23.15131841174289,72.5714,1099.0,14340.000000016276,0.0,-99.0,0.0,0.0,0.0,36540.44577293579,595.5760066234645,26772.169191961035,45302.40535895985,36619.612926696806,5342.306228718551,-36266.79712483023,-5876.126048567683,36418.46501901852,383.9244861530029,26703.017676253323,45160.85855440352
240.0,23.151857400913364,72.5714,1099.0,14400.000000016702,0.0,-99.0,0.0,0.0,0.0,36528.30325072525,651.5835176284178,26807.78311580763,45314.44289673625,36987.40906495554,5178.846541306497,-35976.86940963391,-6030.587671160176,36448.286758921546,806.391234470719,26740.631968874983,45212.71140485191
241.0,23.15239639008384,72.5714,1099.0,14460.00000001748,0.0,-99.0,0.0,0.0,0.0,36547.506561226175,651.2447274669928,26830.16394010544,45343.158828988286,37114.23040552155,5459.653270211426,-36314.11666836431,-6021.963936634885,36767.09305077166,589.9470721183691,26823.720873114227,45515.70246003842
242.0,23.15293537925431,72.5714,1099.0,14520.000000016844,0.0,-99.0,0.0,0.0,0.0,36473.480487184745,659.2914525499054,26870.904304359025,45307.78015090203,36854.07479936415,5148.543487454996,-36453.57762780243,-5846.301039817782,36504.05198250237,475.5582453724394,26982.23731122383,45396.17932277095
243.0,23.15347436842478,72.5714,1099.0,14580.000000016917,0.0,-99.0,0.0,0.0,0.0,36393.42196437922,673.5310653290393,26849.205566723733,45230.68257209382,37037.497947234144,5094.832890261704,-36061.42697116341,-5682.423633291365,36319.45195058105,677.0853858330892,26986.074018082527,45252.72616671512
244.0,23.15401335759525,72.5714,1099.0,14640.000000016633,0.0,-99.0,0.0,0.0,0.0,36418.65834848087,591.2159114826676,26880.61613271569,45268.485018076106,36800.81105221746,5129.313996213999,-36302.70945933544,-5924.866944992571,36441.35369109812,560.1688483995904,26868.15217798345,45278.95371403479
245.0,23.15455234676573,72.5714,1099.0,14700.000000017766,0.0,-99.0,0.0,0.0,0.0,36379.88601607594,678.5651029426319,26870.8937465668,45232.74795854097,36929.8530908189,5173.814334172411,-36036.2573596974,-5889.10174572359,36385.6358153068,696.6668366375362,26804.869450181504,45198.46086546179
246.0,23.1550913359362,72.5714,1099.0,14760.000000017128,0.0,-99.0,0.0,0.0,0.0,36423.04151920094,642.6017624422763,26905.09994970692,45287.25310546278,36918.97770536744,5085.854364102113,-36276.66049861604,-5813.412422383746,36414.1620252926,593.17338976727,26975.120105571856,45321.078488763
247.0,23.15563032510667,72.5714,1099.0,14820.0000000172,0.0,-99.0,0.0,0.0,0.0,36434.28184688675,564.1401750123879,26911.425098906304,45299.006045270886,36912.1233185228,5258.534514535504,-36281.14691498634,-5501.649358827492,36352.91199600114,378.492612922532,27034.31941227713,45304.87714730131
248.0,23.156169314277143,72.5714,1099.0,14880.000000017271,0.0,-99.0,0.0,0.0,0.0,36431.07788520305,592.1502320952786,26912.606208182,45297.48834860248,37103.3912472661,5328.339518575222,-36283.273358343184,-5940.400072355324,36656.86530092162,620.151457066621,26897.85054654431,45470.9217582385
249.0,23.156708303447616,72.5714,1099.0,14940.000000017342,0.0,-99.0,0.0,0.0,0.0,36368.44152544186,604.3302816225835,26970.13744977876,45281.53120355725,37028.08497414421,5100.997681832502,-36308.92751438665,-5508.5867794367805,36349.94275989009,487.8955711510004,27161.773092834246,45379.71240854496
250.0,23.157247292618088,72.5714,1099.0,15000.000000017411,0.0,-99.0,0.0,0.0,0.0,36410.72394567795,605.9392063400508,26991.2824763534,45328.107287735365,36873.92191219135,5189.25220733858,-36249.36279480834,-5650.418276095981,36357.02608586527,470.1327963630874,26969.596078558585,45270.448233865616
251.0,23.15778628178856,72.5714,1099.0,15060.000000017484,0.0,-99.0,0.0,0.0,0.0,36469.52242071705,651.0974240401065,26995.42282206832,45378.44033010635,36679.59889794306,5184.982009735251,-36090.105524457285,-5795.44119753526,36264.86904874198,519.5947007048422,26755.543606941512,45069.61082013416
252.0,23.15832527095904,72.5714,1099.0,15120.000000018616,0.0,-99.0,0.0,0.0,0.0,36550.845427472166,624.5978683622786,26973.290766503887,45430.30749108451,37148.597984609325,5262.103098033763,-36442.16299221234,-6098.082982310355,36784.83911352623,667.8852331871759,26946.629376229845,45603.63246532684
253.0,23.158864260129505,72.5714,1099.0,15180.000000017626,0.0,-99.0,0.0,0.0,0.0,36568.81990706576,576.7021808902916,27017.28623107168,45470.26424040779,37140.62877733122,4999.166648768539,-36331.90607906204,-5929.203046126525,36546.66372190066,752.9047739371869,27082.417944173536,45493.76722698616
254.0,23.159403249299977,72.5714,1099.0,15240.000000017695,0.0,-99.0,0.0,0.0,0.0,36608.08940000341,513.4404795729756,27013.206555367786,45498.67205806859,37050.88548482505,5154.664010037825,-36508.51786563666,-5851.017312102083,36617.75579982752,536.3818930020227,27086.556188898445,45550.29386870402
255.0,23.15994223847045,72.5714,1099.0,15300.000000017768,0.0,-99.0,0.0,0.0,0.0,36626.59882032796,521.0607561509921,26935.77180084036,45467.73634088019,36932.235476963615,5348.557023894197,-36414.997026544566,-5762.257965192945,36571.40734131008,403.1085813056189,26949.15930401168,45430.02882065287
256.0,23.16048122764092,72.5714,1099.0,15360.000000017484,0.0,-99.0,0.0,0.0,0.0,36631.85184272029,478.6083140847171,26957.52629943513,45484.39138352911,37188.50741737323,5371.201884682859,-36335.186286980505,-5886.4078097030815,36711.38125463225,592.5895978769597,26962.00527340405,45552.45772093471
257.0,23.161020216811394,72.5714,1099.0,15420.00000001791,0.0,-99.0,0.0,0.0,0.0,36646.154052032056,451.3884330586451,26979.01920275348,45508.37104825117,36777.03904332958,5342.227913160521,-36471.96641614223,-5752.940958158467,36522.09881584409,309.94428788868925,26913.40071400352,45368.39103790656
258.0,23.161559205981867,72.5714,1099.0,15480.00000001798,0.0,-99.0,0.0,0.0,0.0,36704.72504035061,424.5361107135888,27017.10832276868,45577.858805798,36940.727813969854,5051.189083780099,-36348.93223726713,-5799.655375085078,36433.90719649379,580.3504127091234,27036.80024260293,45373.505127581535
259.0,23.16209819515234,72.5714,1099.0,15540.000000018052,0.0,-99.0,0.0,0.0,0.0,36830.59345347132,428.6784149417725,26917.71943433927,45620.60936533101,36874.53525769355,5357.743139948682,-36743.59010729546,-6017.985355986634,36803.41830455127,342.59417924345564,26951.748440516734,45618.041537009536
260.0,23.16263718432281,72.5714,1099.0,15600.000000018124,0.0,-99.0,0.0,0.0,0.0,36810.653109251965,375.8533460919704,26917.243924830906,45603.76594730194,37058.224348626296,5252.561073339971,-36796.38258239281,-5865.474220862428,36794.23339686404,378.7799886989514,27165.732391912767,45737.687981923205
261.0,23.163176173493284,72.5714,1099.0,15660.000000018194,0.0,-99.0,0.0,0.0,0.0,36869.678471970896,315.1584741872979,26905.770291235483,45644.19996511163,36947.53170359564,5780.778375011327,-36677.37943739371,-5854.765411105515,36918.85995254603,149.0166891145408,26842.183446922667,45645.67053256629
262.0,23.16371516266376,72.5714,1099.0,15720.000000018974,0.0,-99.0,0.0,0.0,0.0,36881.251994338905,231.79728929930187,26900.337480541144,45649.84814016648,37220.095852328806,5436.197576642264,-36663.9681690337,-5986.556365564902,36938.93573623301,479.1226969421907,27046.540641102754,45784.60322570351
263.0,23.16425415183423,72.5714,1099.0,15780.000000018335,0.0,-99.0,0.0,0.0,0.0,36776.52677093884,203.82500364694457,26820.597579161826,45518.11639851801,36839.99841862154,5645.684596183611,-36476.03904065056,-5838.668873315935,36719.64639758385,241.16367689800347,26773.90454695728,45444.82980683531
264.0,23.1647931410047,72.5714,1099.0,15840.000000018408,0.0,-99.0,0.0,0.0,0.0,36715.56432392399,219.66616137169456,26819.109738027084,45468.07191851212,36781.49857419003,5687.770067059954,-36641.46573483711,-5587.344634596319,36675.34403749669,17.150510272071056,26910.80827527895,45489.25979214839
265.0,23.165332130175173,72.5714,1099.0,15900.00000001848,0.0,-99.0,0.0,0.0,0.0,36766.12498843677,193.6615121356805,26882.16292895792,45545.97825478861,36931.85916034888,5484.229010836511,-36645.81940513948,-5679.926615387322,36694.29058665575,208.59839575218933,27025.84820254293,45573.13842622138
266.0,23.165871119345645,72.5714,1099.0,15960.00000001855,0.0,-99.0,0.0,0.0,0.0,36795.92991783173,209.07261086974364,26903.95558076353,45582.96826410383,36810.12463058236,5430.480648252085,-36777.6290633125,-5583.114010055132,36633.45843371187,80.16317777626526,27095.405672633224,45565.09312526566
267.0,23.16641010851612,72.5714,1099.0,16020.000000019329,0.0,-99.0,0.0,0.0,0.0,36721.78203994456,246.70303514526287,26906.19219331569,45524.64515974163,36747.06387498244,5503.686492315753,-36480.5644398975,-5785.220195044807,36596.73317588848,237.30530973130715,26820.253203682198,45372.93438677763
268.0,23.16694909768659,72.5714,1099.0,16080.000000018692,0.0,-99.0,0.0,0.0,0.0,36693.14977215423,193.9641712998477,26912.935046758423,45505.28469455529,36903.02422829151,5260.715903678974,-36499.768112851,-5808.708496898674,36577.542806157406,411.9027735084386,26991.140069985824,45459.95978780333
269.0,23.167488086857063,72.5714,1099.0,16140.000000018765,0.0,-99.0,0.0,0.0,0.0,36743.95701508238,162.57264092219282,26933.36448995876,45558.21473388492,36800.08646193432,5552.985684464963,-36640.79443111685,-5849.00746452847,36738.04212524697,197.1566634584109,26863.62640444252,45512.38329887623
270.0,23.16802707602753,72.5714,1099.0,16200.00000001848,0.0,-99.0,0.0,0.0,0.0,36713.06136668614,126.76753896737438,26915.47963079944,45522.60964267072,36931.50343115303,5497.992953540873,-36676.50830874531,-5786.885256527596,36759.69964867396,235.51016359524775,26986.70844014119,45602.77859660598
271.0,23.168566065198007,72.5714,1099.0,16260.000000018905,0.0,-99.0,0.0,0.0,0.0,36668.57320124293,134.0108602271198,26897.44026904376,45476.08726080496,36820.79152855113,5607.751887409588,-36631.827341606586,-5386.420714840495,36566.53334159612,-14.015315897395055,27045.300574456676,45481.42302318439
272.0,23.16910505436848,72.5714,1099.0,16320.000000018976,0.0,-99.0,0.0,0.0,0.0,36662.265447605096,157.8122131711337,26859.732598645853,45448.7826868448,36782.33300605815,5314.882194486655,-36712.51451602059,-5896.831066679814,36679.01675275051,282.22354652468647,26969.388248633462,45527.769795854205
273.0,23.169644043538952,72.5714,1099.0,16380.000000019048,0.0,-99.0,0.0,0.0,0.0,36677.2004325091,135.48482952397683,26820.881657775448,45437.81553514509,36749.70148999218,5687.273136742082,-36780.96850281094,-5916.755859157041,36864.40603387874,85.82991996972952,26815.02213717886,45585.49342963427
274.0,23.170183032709424,72.5714,1099.0,16440.000000019118,0.0,-99.0,0.0,0.0,0.0,36671.34257226376,120.77919417685835,26782.21473372969,45410.22990152855,36696.40008628551,5756.75777782131,-36467.18968626492,-5984.195232888069,36764.74547350286,197.73432154465328,26596.78190158914,45377.02520124105
275.0,23.170722021879897,72.5714,1099.0,16500.00000001919,0.0,-99.0,0.0,0.0,0.0,36716.13231061992,58.8688142009525,26778.16847134928,45443.90106568975,36744.89489810711,5592.098971473533,-36573.02108370076,-5761.196580818488,36663.71007886824,147.6449574665824,26831.467713910457,45433.21577286148
276.0,23.17126101105037,72.5714,1099.0,16560.00000001926,0.0,-99.0,0.0,0.0,0.0,36715.39477766513,62.819815358877406,26736.18933277431,45418.58628410792,36623.52136890395,5766.764180959236,-36560.22782708109,-5788.697188539166,36693.15452317368,36.90417842984908,26685.83142473834,45370.94389154185
277.0,23.17180000022084,72.5714,1099.0,16620.000000019332,0.0,-99.0,0.0,0.0,0.0,36729.98708366582,85.99918905006058,26755.98873166799,45442.07609733429,36464.84701907836,5697.522653074043,-36690.70641958941,-5821.902433829091,36665.3412340231,-43.94196433754706,26689.226471773218,45350.45742178556
278.0,23.17233898939132,72.5714,1099.0,16680.000000020464,0.0,-99.0,0.0,0.0,0.0,36773.64020744879,76.90729625089796,26763.04051626579,45481.50026675017,36739.25253651348,5925.913445946582,-36782.58904217365,-5769.553759340295,36900.177124532136,-86.47098777088964,26771.605415625894,45588.91757415985
279.0,23.172877978561782,72.5714,1099.0,16740.00000001912,0.0,-99.0,0.0,0.0,0.0,36702.1423239014,75.7771065284677,26722.357120027573,45399.75069737802,36607.59023116268,5806.988375814914,-36483.19286660795,-5789.438160971704,36670.63745957241,46.26617298606404,26627.837485595195,45318.64430242179
280.0,23.17341696773226,72.5714,1099.0,16800.000000019543,0.0,-99.0,0.0,0.0,0.0,36676.79980922793,85.81293787802844,26686.79866434588,45358.353487068096,36465.49199716348,5704.197427111884,-36504.34422291764,-5953.991442168113,36645.009799746775,91.34047412766304,26548.722076833317,45251.51633060143
281.0,23.17395595690273,72.5714,1099.0,16860.000000019616,0.0,-99.0,0.0,0.0,0.0,36646.92958850963,91.57610643985714,26656.600315739102,45316.44486101613,36699.4346263822,5498.733541467785,-36530.68338853946,-5837.486770950844,36618.29864825316,219.7558806191126,26800.84387480145,45378.7761066912
282.0,23.174494946073203,72.5714,1099.0,16920.000000019685,0.0,-99.0,0.0,0.0,0.0,36651.66034982578,109.04614617266998,26700.97008151933,45346.42103579043,36595.13023137071,5511.828568160308,-36370.38477428047,-5630.59813461968,36419.80708976106,148.74636848778337,26770.182505347504,45200.30027894905
283.0,23.175033935243675,72.5714,1099.0,16980.000000019758,0.0,-99.0,0.0,0.0,0.0,36625.77645832618,97.1991636718231,26707.45185316661,45329.294428017645,36409.23784691671,5607.93484651277,-36310.759661195865,-5862.623454880714,36455.5800448819,152.92570772699537,26521.78516028465,45082.5663729248
284.0,23.175572924414148,72.5714,1099.0,17040.00000001983,0.0,-99.0,0.0,0.0,0.0,36561.4148411385,125.06231489345151,26766.17288369304,45312.037105036165,36627.55356660697,5475.12066663597,-36296.099799998345,-5619.232813719273,36380.864152401366,205.92608121557916,26772.87219984942,45170.74681534364
285.0,23.17611191358462,72.5714,1099.0,17100.0000000199,0.0,-99.0,0.0,0.0,0.0,36572.7821333949,86.19476146797149,26782.83660373876,45330.96247661462,36547.44282589865,5515.903946835041,-36591.40443457894,-5728.404388858448,36538.97819888958,72.97945559966334,26801.12153219389,45314.48299609402
286.0,23.17665090275509,72.5714,1099.0,17160.000000019616,0.0,-99.0,0.0,0.0,0.0,36659.28352919376,89.14837718756871,26765.325104436542,45390.4576343217,36462.67817256855,5796.007204408172,-36503.49291479874,-5662.247149437541,36556.848565997854,-75.59310461821829,26633.70921254381,45230.11560689522
287.0,23.177189891925565,72.5714,1099.0,17220.00000002004,0.0,-99.0,0.0,0.0,0.0,36593.48798135433,118.23218092858428,26718.731296256952,45309.90999297738,36662.30273993307,5651.23595938228,-36376.794182786376,-5739.590892150226,36559.22941404295,161.88763990678754,26694.483990505883,45268.07858166671
288.0,23.17772888109604,72.5714,1099.0,17280.000000020467,0.0,-99.0,0.0,0.0,0.0,36627.285826696265,95.5017195899448,26755.77189730893,45358.99599230319,36522.50262424459,5764.614812846429,-36717.35439581682,-5790.930968792929,36717.48647520351,-72.97806228717143,26710.09027370971,45404.93432749408
289.0,23.17826787026651,72.5714,1099.0,17340.000000020184,0.0,-99.0,0.0,0.0,0.0,36541.25121748866,135.42918111260525,26826.72280934956,45331.60529136806,36754.45490737972,5528.132005920929,-36194.58381369188,-5714.997096015755,36456.27806720398,323.3462525404112,26719.44264689868,45200.59046819231
290.0,23.178806859436985,72.5714,1099.0,17400.00000002061,0.0,-99.0,0.0,0.0,0.0,36483.0957609071,168.67691987873906,26826.94465488765,45284.98302659748,36541.52626292559,5457.258327240645,-36529.119975245485,-5631.612451953448,36442.1398536335,80.8696307767529,26838.896059568466,45258.83823857264
291.0,23.17934584860745,72.5714,1099.0,17460.000000019973,0.0,-99.0,0.0,0.0,0.0,36431.88106140652,273.78788666674706,26845.64962784518,45255.34025306164,36814.01683786087,5287.570113754293,-36273.13664022324,-5640.040833212049,36379.4601425294,386.83229434936254,26915.87145978361,45255.70567260476
292.0,23.179884837777927,72.5714,1099.0,17520.000000020398,0.0,-99.0,0.0,0.0,0.0,36446.81514152695,268.2736712773896,26732.60928654095,45200.38389206661,36686.3203345133,5302.226484316839,-36238.53628075813,-5618.606290709065,36306.24850490844,330.8926577708077,26848.52989125429,45156.35866378851
293.0,23.1804238269484,72.5714,1099.0,17580.000000020467,0.0,-99.0,0.0,0.0,0.0,36532.02520846084,240.7249527616201,26771.692947759184,45292.05623090653,36703.20750528147,5509.753198919976,-36264.50971122256,-5968.979565168719,36566.3854713026,388.8125667491126,26625.511294349017,45234.60592658522
294.0,23.18096281611887,72.5714,1099.0,17640.00000002054,0.0,-99.0,0.0,0.0,0.0,36510.22148832229,245.31264853099853,26837.159393276143,45313.23841574325,36624.76808611381,5611.487828009187,-36453.08007558266,-5716.800905716158,36548.92939337113,119.9449896450716,26738.343568559925,45285.51251109475
295.0,23.181501805289344,72.5714,1099.0,17700.00000002061,0.0,-99.0,0.0,0.0,0.0,36562.03051675178,217.9674671645105,26795.335743457086,45330.11805554028,36819.0953294694,5500.285240418655,-36569.661316914135,-5758.598296170203,36653.50338442926,219.8609299253817,26903.02422349292,45467.57483691782
296.0,23.182040794459816,72.5714,1099.0,17760.000000020682,0.0,-99.0,0.0,0.0,0.0,36586.48183314617,192.47685279046064,26785.778504586484,45344.08043353358,36763.66666492511,5634.638671276834,-36475.18730997216,-5750.279447266647,36643.16819849217,174.98914978855916,26783.53988782777,45388.43911998288
297.0,23.18257978363029,72.5714,1099.0,17820.00000002075,0.0,-99.0,0.0,0.0,0.0,36663.5874592522,178.14022621892408,26786.15705704119,45406.4817972821,36693.62186310636,5473.704191866203,-36507.01555421709,-5919.817320043621,36630.34532224711,273.9755529839676,26763.266254368704,45366.61417422436
298.0,23.18311877280076,72.5714,1099.0,17880.000000020824,0.0,-99.0,0.0,0.0,0.0,36692.26227365356,221.76425149623503,26808.09831416782,45442.77088122939,36864.018885946,5533.694736771548,-36672.85023433825,-5946.426561968627,36813.43672808668,261.49657713525454,26871.360044850884,45578.14711956491
299.0,23.18365776197124,72.5714,1099.0,17940.00000002196,0.0,-99.0,0.0,0.0,0.0,36691.467069265374,236.19277945349145,26745.857517644497,45405.51108707171,36638.438138359415,5598.379730195883,-36332.05372405756,-5809.21858993566,36536.78481045067,223.96424737430456,26657.514869048064,45228.41919924683
300.0,23.18419601247578,72.57143068652196,1099.0,17999.91777210637,3.1439275480523263,-99.0,15.0,0.0,3.0,36724.72075021012,5327.340375167349,26193.741290533104,45422.43666349463,39246.97807585246,3027.4627888049613,-33509.97580473488,-9118.091885317128,36763.86462670199,5121.514615482516,26245.505735859424,45460.292845274336
301.0,23.18473204900718,72.57149197570286,1099.0,18059.58908582848,9.423190622462998,-99.0,15.0,0.0,6.0,36597.195863912166,3501.584891727725,26712.35946377882,45444.09741625044,38564.34941357507,3675.6505290592863,-34458.557578692686,-7594.535789239748,36499.98008526148,3474.787110745764,26739.71242823069,45379.89546521636
302.0,23.185264402326563,72.57158369979734,1099.0,18118.85038626427,18.820603203844144,-99.0,15.0,0.0,9.0,36355.87968094964,1651.12571964834,27164.3400639848,45413.40743249268,37638.1679089881,4346.123769112613,-35582.43112353671,-6552.388888572328,36424.64383375109,1845.500960315336,26986.25500872967,45369.79735028948
303.0,23.185791613290483,72.57170560763561,1099.0,18177.53924230865,31.31043217773984,-99.0,15.0,0.0,12.0,36000.590042286414,-131.38491599827253,27718.049959085536,45435.11900417215,36767.59546658435,4825.567617284962,-36930.875153039495,-4541.99102730226,35968.64576715419,-193.4944436178528,27856.102009501126,45494.43194047446
304.0,23.18631223685033,72.57185736530981,1099.0,18235.49479188564,46.858467671620254,-99.0,15.0,0.0,15.0,35638.95655330769,-1862.9384700434389,28164.77395728672,45462.73480573708,35772.460152302214,5448.072903924612,-38119.03255049847,-3212.1910914724053,35745.9592138357,-1984.260879050272,28245.95059034215,45602.02425447125
305.0,23.18682484601312,72.57203855708745,1099.0,18292.55818286355,65.42211662551598,-99.0,15.0,0.0,18.0,35076.59789417816,-3659.938016925316,28587.81666319918,45398.525611370766,34799.131590474346,5904.645315537706,-38888.73109849221,-1542.4231202195444,35132.45574415577,-3659.7461516728345,28683.10529506874,45501.68917609266
306.0,23.187328035752767,72.57224868654906,1099.0,18348.57300845324,86.95051935385433,-99.0,15.0,0.0,21.0,34495.11945099324,-5423.478711303429,29042.859298103685,45418.223913751855,33396.62390778361,6226.238340461608,-39837.43237077878,146.14728572829165,34344.033235067924,-5548.275792427444,29078.519924346347,45341.55162884144
307.0,23.18782042686117,72.5724871779472,1099.0,18403.38573591179,111.38468878046103,-99.0,15.0,0.0,24.0,33765.70785523308,-7171.575966119062,29435.5644417008,45365.26185093927,32421.50766800884,6533.841117059234,-40683.62502506243,1768.178123462638,33719.043638781026,-7172.4815426279465,29591.858420450968,45432.328579651
308.0,23.188300669728527,72.57275337778297,1099.0,18456.8461273632,138.65767195439446,-99.0,15.0,0.0,27.0,32954.798398789855,-8839.702945624333,29894.172034778327,45363.20763919461,31212.918088733128,6772.071180960981,-41540.741831572384,3315.718601577918,32999.90342372995,-8840.219973411336,30006.61428554834,45470.21020443471
309.0,23.18876744804252,72.57304655659584,1099.0,18508.807651590127,168.69473342430155,-99.0,15.0,0.0,30.0,32151.49044398759,-10547.711580592204,30377.322736620183,45472.56638899948,30181.059196106504,7318.561888715057,-41832.75951811463,5038.432446188235,32170.22322559389,-10396.069742294509,30195.573204448807,45329.61691451207
310.0,23.18921948239624,72.57336591096178,1099.0,18559.127885667425,201.4135599538332,-99.0,15.0,0.0,33.0,31225.804602380107,-12184.61754902066,30814.64861483276,45530.85049872821,28802.682139813245,7308.040587810851,-42870.45435910791,6858.917885229021,31229.854323413776,-12225.997024286957,30840.902653561585,45562.48545443918
311.0,23.189655533794934,72.57371056569434,1099.0,18607.668905329563,236.7244860267685,-99.0,15.0,0.0,36.0,30178.20860409228,-13715.569286446424,31286.749248284388,45581.81428956559,27610.07835936999,7387.076532335933,-43480.551809738536,8598.02928120504,30258.787927094578,-13793.870447407216,31307.50377039781,45673.02158901042
312.0,23.19007440705204,72.57407957624261,1099.0,18654.29766301789,274.53073953184304,-99.0,15.0,0.0,39.0,28976.494733240568,-15156.318875833776,31698.006998139143,45542.45158690462,26499.60195686585,7275.739394596622,-43851.05601706384,10471.08401338643,29079.10368232776,-15197.99995825988,31846.35329604562,45724.86951272131
313.0,23.19047495406506,72.57447193127945,1099.0,18698.88635254591,314.7287069221241,-99.0,15.0,0.0,42.0,27771.482194722084,-16566.814393739067,32104.046939312862,45567.36104197794,25105.283375298368,7070.281471838764,-44069.01837885078,11770.440584187663,27918.122707510272,-16369.81009493662,31988.57990063333,45504.52177657834
314.0,23.190856076962486,72.57488655547306,1099.0,18741.31275941677,357.20821718548893,-99.0,15.0,0.0,45.0,26462.48166742271,-17985.089549054253,32404.86269369208,45539.01083997345,23681.319828803,6990.292851621153,-44361.42153610763,13852.284193427864,26492.04187129668,-17979.8473163593,32434.70069385015,45575.355194773554
315.0,23.191216731112945,72.57532231243404,1099.0,18781.46059579835,401.8528437698512,-99.0,15.0,0.0,48.0,25089.2554571294,-19227.13984827123,32788.674180323535,45543.943621973405,22270.058059835632,6702.107018019055,-44687.25408847061,15760.05996153245,25071.157967095485,-19433.33423537655,32915.57532246211,45712.71748784566
316.0,23.19155592798848,72.57577800783018,1099.0,18819.219819261893,448.54022370453913,-99.0,15.0,0.0,51.0,23626.079351370347,-20451.90442641612,33148.838475168115,45555.652914180624,20991.097877714965,6119.988013890732,-44649.07744152113,17415.539766691076,23531.912283817917,-20435.38812696373,33314.14705150485,45620.04359272621
317.0,23.19187273787403,72.57625239266015,1099.0,18854.48693439926,497.14239300412254,-99.0,15.0,0.0,54.0,22163.261411990232,-21656.97157185364,33498.43054933204,45633.09570200902,19432.1988128399,6007.440146803978,-44593.91448739171,19090.110095132844,22059.15804950062,-21762.900529618277,33389.08257408066,45552.83886272824
318.0,23.19216629241572,72.5767441666773,1099.0,18887.16527650032,547.5261374422859,-99.0,15.0,0.0,57.0,20582.90676434669,-22677.52641840512,33762.72641332666,45583.41749132459,18182.587974078186,5395.687067827094,-44529.42526649375,20843.933661892257,20465.81129720725,-22770.60427110641,33844.3852915941,45637.618985767615
319.0,23.19243578700096,72.57725198195415,1099.0,18917.16527650071,599.5533577468509,-99.0,15.0,0.0,60.0,18940.127652070645,-23666.732967339314,33986.30353622554,45540.21863013542,16975.420988987204,4882.084892555939,-44122.57122675084,22222.99354043548,18947.37298264204,-23491.904120398176,33965.04039641098,45436.73042016959
320.0,23.19268048296381,72.57777444657769,1099.0,18944.40470648442,653.0814481966676,-99.0,15.0,0.0,63.0,17280.585703996156,-24558.76558393466,34287.98141909524,45578.69325766185,15378.12422722624,4390.560330102593,-43912.55447959156,24016.740259786337,17175.231784687447,-24656.49272242403,34172.00218303785,45504.47179592606
321.0,23.192899709609662,72.57831012846555,1099.0,18968.808905069152,707.9636875919655,-99.0,15.0,0.0,66.0,15513.446069117112,-25409.266800256653,34475.35453162093,45550.49855212329,14205.24399970221,4060.250810443017,-43413.65956625722,25704.186204673348,15577.61816852701,-25535.994234681064,34321.816057799624,45527.31319618499
322.0,23.19309286605351,72.57885755929232,1099.0,18990.31098204176,764.0496415306573,-99.0,15.0,0.0,69.0,13713.820955692405,-26126.69268325549,34747.99957310557,45586.14296145934,12900.231543212154,2727.742366436714,-42968.77119405322,27398.263475231965,13509.338824878612,-26065.002782885756,34874.636829695526,45586.47715672237
323.0,23.193259422866973,72.57941523851551,1099.0,19008.85200170457,821.1855748657345,-99.0,15.0,0.0,72.0,11922.309861622254,-26744.650792164783,34867.76757704117,45532.17581269249,11623.925709712894,1938.170138918179,-42400.036675210016,28678.922043241982,11813.97668649833,-26584.036772784984,34972.14715193984,45489.91242795312
324.0,23.1933989235294,72.57998163748988,1099.0,19024.3811444114,879.2148732410533,-99.0,15.0,0.0,75.0,10108.87322861083,-27334.901928273142,34944.08345527008,45502.474107561626,10023.722751466506,1451.0551156630677,-41600.87743171152,30091.03111017312,9952.634221912376,-27331.433046128117,34755.580996934565,45321.21545970104
325.0,23.19351098567916,72.58055520365896,1099.0,19036.85584585987,937.9784725246016,-99.0,15.0,0.0,78.0,8281.208166012593,-27741.45933253151,35092.02833260871,45493.048118189945,8778.009355341965,286.8330128141297,-41231.69062640458,31462.47484311152,8155.386407754178,-27800.70979143397,35154.2842120765,45554.51120175438
326.0,23.193595302161704,72.58113436481221,1099.0,19046.241913761936,997.315294959647,-99.0,15.0,0.0,81.0,6397.755380820988,-27993.84994418565,35150.599512010456,45388.89241504089,7964.929478952694,-460.7173699213592,-40344.02463779791,32783.63471223427,6523.164029930995,-28016.79325099063,35313.61746543185,45547.1618383077
327.0,23.19365164187141,72.58171753339623,1099.0,19052.51362155765,1057.0626908711004,-99.0,15.0,0.0,84.0,4509.901309838704,-28261.513525925504,35230.62095845216,45389.96595855391,6643.798356926355,-1681.230235121368,-39365.88789838997,33944.61050192617,4496.337003896981,-28139.53386541355,35349.220113358664,45405.04129761419
328.0,23.193679850385053,72.582303110868,1099.0,19055.65377893247,1117.0568846627734,-99.0,15.0,0.0,87.0,2593.0009071768754,-28388.889014296507,35246.36202032615,45331.65239475123,5509.397002603246,-2411.5870345074018,-38283.68225865284,35311.5674654777,2628.3545211604337,-28437.791229923954,35297.564629032786,45404.12190832888
329.0,23.193679850385053,72.58288949207837,1099.0,19055.65377893247,1177.1334239194066,-99.0,15.0,0.0,90.0,724.5012740890421,-28457.51679053589,35317.84625157262,45361.93809604601,4580.615687667896,-3554.5863010886846,-37267.85534319802,36505.78981280495,774.2678112379112,-28422.27962384824,35467.57121102911,45457.38748838476
330.0,23.19365164187141,72.58347506967367,1099.0,19052.51362155765,1237.127630366082,-99.0,15.0,0.0,93.0,-1213.2048123343168,-28450.380273213854,35401.332283567164,45432.921225238,3336.7079969459323,-4832.419646100804,-36391.68629299408,37732.55366478895,-1228.274745992233,-28559.40138700875,35634.07345264491,45682.98651866373
331.0,23.193595302161704,72.58405823850339,1099.0,19046.241913761936,1296.8750514506794,-99.0,15.0,0.0,96.0,-3162.146845268589,-28279.650006481235,35343.00323469847,45374.72484553513,2013.4005805636364,-5759.029414319821,-34744.42173662984,38763.11243607102,-3362.0489794243235,-28464.135069203225,35195.256893908445,45389.60747138163
332.0,23.19351098567916,72.58463740002182,1099.0,19036.85584585987,1356.2119113006836,-99.0,15.0,0.0,99.0,-5090.976238326983,-28052.53246989079,35252.170054092785,45338.48376992952,1181.7130578255544,-7077.396779032289,-33612.65501931881,39347.71040791696,-5036.257766940117,-28016.4654990086,35169.06443037344,45245.4342918704
333.0,23.1933989235294,72.58521096667155,1099.0,19024.3811444114,1414.9755598265149,-99.0,15.0,0.0,102.0,-7077.649841367821,-27787.131826214827,35121.61419740391,45340.33090125985,251.60656367287183,-8248.302212663684,-32214.395991554546,40523.664903877,-7060.689771653031,-27815.935813652715,35177.07274381046,45398.30472676382
334.0,23.193259422866973,72.5857773662368,1099.0,19008.85200170457,1473.0049187396403,-99.0,15.0,0.0,105.0,-8949.653518541267,-27284.45929513189,35011.03604839511,45280.356252040125,-755.7584263959932,-9777.135864545307,-30942.17863143702,41029.59483474941,-8928.856360973276,-27258.321069285583,35071.063107850656,45306.95322956504
335.0,23.19309286605351,72.58633504615459,1099.0,18990.31098204176,1530.14092323939,-99.0,15.0,0.0,108.0,-10864.008510996153,-26841.561643472764,34957.47026834582,45392.960246602415,-1621.2080263038963,-10917.007830047036,-29443.62502604861,41863.42021590342,-10807.135796973402,-26851.656934900388,34902.05571343633,45342.6858192986
336.0,23.192899709609662,72.58688247777208,1099.0,18968.808905069152,1586.2269581888645,-99.0,15.0,0.0,111.0,-12708.683013148844,-26222.390131682863,34782.91896558443,45375.93877721198,-2466.291853910652,-12424.900674037806,-27939.219493950044,42651.06428096372,-12818.491171967942,-26254.285392422957,34878.69361700484,45498.62070240709
337.0,23.19268048296381,72.5874181605381,1099.0,18944.40470648442,1641.1092875560262,-99.0,15.0,0.0,114.0,-14471.583415501742,-25566.448201550884,34663.643834488365,45438.29006552373,-2919.690413996554,-13320.091421319154,-26389.94414168729,43119.03930989977,-14275.94250964999,-25594.76698920995,34601.77847109658,45345.09571203512
338.0,23.19243578700096,72.58794062611764,1099.0,18917.16527650071,1694.6374759494847,-99.0,15.0,0.0,117.0,-16177.489996372138,-24743.937788900414,34433.16712753609,45382.99944160288,-3590.438155684157,-14825.085450483672,-24697.19885168888,43698.545806894486,-16201.980218131748,-24751.481212616254,34480.97117247075,45432.11813468515
339.0,23.19216629241572,72.58844844241784,1099.0,18887.16527650032,1746.664801100657,-99.0,15.0,0.0,120.0,-17887.22588457824,-23878.546530517127,34195.94267496831,45381.71801161473,-4590.395684301261,-16266.076973122354,-23197.529497619365,43829.406196554846,-17964.98225184537,-23967.79622318556,34079.232825795254,45371.68669004964
340.0,23.19187273787403,72.58894021751449,1099.0,18854.48693439926,1797.0486561361613,-99.0,15.0,0.0,123.0,-19530.63496568317,-22909.85325868638,33909.29005122871,45344.757472895006,-4688.636009981154,-17496.941773072693,-21629.94978162772,44217.45995713175,-19387.31578899313,-22966.60571844632,34058.923888722216,45424.03866001444
341.0,23.19155592798848,72.58941460346826,1099.0,18819.219819261893,1845.6509405716288,-99.0,15.0,0.0,126.0,-21121.948241728154,-21872.44027647961,33582.99723857801,45302.958454175474,-5526.152712753461,-18940.96844319198,-19786.03518092301,44288.56452713678,-21204.480674657632,-21936.329937425948,33553.9011470728,45350.819772007126
342.0,23.191216731112945,72.58987030002018,1099.0,18781.46059579835,1892.338438920327,-99.0,15.0,0.0,129.0,-22700.433162544123,-20821.98573274124,33247.010055676365,45323.59687032637,-5680.365508995595,-20306.501877721315,-18097.773376921097,44512.32776248555,-22690.48122460932,-20777.66623285361,33444.27188738556,45443.24674102392
343.0,23.190856076962486,72.59030605815627,1099.0,18741.31275941677,1936.98318589861,-99.0,15.0,0.0,132.0,-24144.919496129667,-19669.526104635304,32964.09710658822,45348.63936997548,-6423.255111048148,-21601.700088887148,-16561.625721956716,44369.61202953033,-24176.372856756672,-19811.540418032146,32956.45935878505,45421.60666149418
344.0,23.19047495406506,72.59072068353143,1099.0,18698.88635254591,1979.462817214128,-99.0,15.0,0.0,135.0,-25556.357565175687,-18403.68606225509,32706.899116686844,45404.45267268713,-6358.766845939552,-23238.753726538213,-14758.880296306605,44298.04756808115,-25606.93698439645,-18263.151172939197,32881.64862708567,45502.31564353188
345.0,23.19007440705204,72.59111303974333,1099.0,18654.29766301789,2019.660904994419,-99.0,15.0,0.0,138.0,-26898.87102719381,-17097.328569425892,32334.88246585952,45402.78109135456,-6799.549929824918,-24386.85539786687,-13229.710541035774,43966.563191582674,-26813.557247126057,-17151.186367407438,32382.239686848727,45406.38163508484
346.0,23.189655533794934,72.59148205144729,1099.0,18607.668905329563,2057.4672769017734,-99.0,15.0,0.0,141.0,-28092.2272802075,-15707.25167644488,31935.236599385746,45340.3829433405,-6866.172647397319,-25565.5337628175,-11289.54252405314,43680.39362492285,-28068.990771438483,-15705.619694464473,31899.74145495726,45300.422048887885
347.0,23.18921948239624,72.5918267073035,1099.0,18559.127885667425,2092.778318097558,-99.0,15.0,0.0,144.0,-29278.16633684824,-14245.93183897227,31538.28477940253,45330.1335188359,-6808.5806985442405,-26982.605687717783,-9894.170261251506,43316.95618490115,-29104.50375482366,-14305.4845645739,31776.702701780265,45403.50054829622
348.0,23.18876744804252,72.59214606274874,1099.0,18508.807651590127,2125.497255204879,-99.0,15.0,0.0,147.0,-30466.97579718904,-12735.424918116649,31082.466547995115,45349.17186430998,-7085.6332406715965,-27930.37690458777,-7766.924016068406,42698.45120141847,-30288.17213023406,-12826.109700765575,30878.18724909169,45114.79700538094
349.0,23.188300669728527,72.59243924258475,1099.0,18456.8461273632,2155.534421497932,-99.0,15.0,0.0,150.0,-31511.89122824773,-11129.229799013565,30651.90177301854,45347.52613983419,-6880.3826620046975,-29514.137188990728,-5837.415864158909,42286.37797247473,-31542.15293843849,-11037.510792809391,30638.917196200327,45337.37203950896
350.0,23.18782042686117,72.59270544337629,1099.0,18403.38573591179,2182.807502593349,-99.0,15.0,0.0,153.0,-32445.87765614989,-9522.174835627831,30137.898998414727,45295.692361600544,-6789.412845267477,-30608.917125476248,-4238.873493608876,41539.97993580618,-32345.80479099362,-9508.67710689242,30136.972919105378,45220.60553140677
351.0,23.187328035752767,72.59294393565234,1099.0,18348.57300845324,2207.2417619644475,-99.0,15.0,0.0,156.0,-33399.35955776336,-7849.871517470645,29698.17518944988,45377.51988917874,-6519.666156690569,-31657.593718694206,-2377.829463141642,40967.42959102315,-33241.02546579608,-7884.005803667995,29654.08967085616,45238.129445603205
352.0,23.18682484601312,72.59315406590441,1099.0,18292.55818286355,2228.770245678804,-99.0,15.0,0.0,159.0,-34142.173099430365,-6175.069789197129,29195.03594069364,45345.00627887612,-6250.497699076051,-32909.61002812808,-686.5146039492628,40109.77209373211,-34027.59529639057,-6121.576070481618,29209.044589783603,45260.57026916035
353.0,23.18631223685033,72.5933352583764,1099.0,18235.49479188564,2247.3339657699994,-99.0,15.0,0.0,162.0,-34770.343029111056,-4390.737152666698,28768.010774282782,45341.52369534034,-5766.597202289688,-33889.441850408504,896.7727258951978,39491.56869117673,-34660.23345850394,-4534.487933928413,28889.585825882543,45348.66628040975
354.0,23.185791613290483,72.59348701664122,1099.0,18177.53924230865,2262.8820617743145,-99.0,15.0,0.0,165.0,-35302.09350365923,-2597.272568957716,28333.21379772192,45340.43046383635,-5482.889771116296,-35225.26704637482,2367.9163328163786,38117.01462187254,-35157.63831120379,-2600.9864956972847,28358.640785012158,45244.19487122716
355.0,23.185264402326563,72.59360892495992,1099.0,18118.85038626427,2275.3719399709416,-99.0,15.0,0.0,168.0,-35781.74523095661,-802.71935828952,27764.55968086337,45297.333524319976,-5039.163933604432,-36415.61061460822,4008.298408819279,36994.85057189076,-35705.32825968081,-697.1961251216082,27869.996031358813,45300.035622021336
356.0,23.18473204900718,72.59370064941942,1099.0,18059.58908582848,2284.7693899477304,-99.0,15.0,0.0,171.0,-36232.22239475507,1018.5080909129632,27283.78054350839,45367.56527675441,-4645.430738163335,-37568.93393538521,5648.4260335251865,35902.505341940625,-36271.43716698534,1155.8944505877091,27356.695699784614,45446.03443371136
357.0,23.18419601247578,72.59376193884589,1099.0,17999.91777210637,2291.0486781822506,-99.0,15.0,0.0,174.0,-36539.71902793858,2871.8479882624365,26756.654612453047,45379.699685635744,-4081.6330075098463,-38360.49035577591,7351.289567891529,34873.401148812576,-36661.8059253826,2925.756740716881,26760.6045355844,45483.821533884
358.0,23.18365776197124,72.59379262549132,1099.0,17940.00000002196,2294.1926183800915,-99.0,15.0,0.0,177.0,-36735.277810667954,4730.438115058828,26260.76353177453,45403.58335923646,-3476.005732480911,-39080.093881095054,8895.329514819066,33737.72174891716,-36887.98439328887,4659.951024887054,26174.09379039325,45470.00903785012
359.0,23.18311877280076,72.59379262549132,1099.0,17880.000000020824,2294.1926183800915,-99.0,15.0,0.0,180.0,-36816.921181026126,6605.680610384882,25760.05609540405,45416.97030422294,-2594.82297659452,-39832.12463907428,10069.397706462803,32375.54919270165,-36750.60835857937,6465.377680172566,25783.07152791941,45356.09221137515
360.0,23.182580522296213,72.59376193909299,1099.0,17820.082227935345,2291.048703498772,-99.0,15.0,0.0,183.0,-36742.37087216204,8477.967646278103,25178.566532360262,45341.349399233055,-1759.551971035545,-40526.69595193602,11484.390718473038,30912.282366562147,-36668.78042980238,8374.141905206056,25199.189614422743,45273.88726497004
361.0,23.182044485764813,72.59370065065215,1099.0,17760.410914213247,2284.7695162448854,-99.0,15.0,0.0,186.0,-36757.54148835562,10358.788608785271,24645.026610672063,45451.05823135935,-1007.1713577050637,-41600.27130293975,12922.438611241463,29788.25733914082,-36943.83772037572,10274.214148474875,24880.441622459057,45710.42547610742
362.0,23.18151213244543,72.59360892840022,1099.0,17701.149613777805,2275.372292439274,-99.0,15.0,0.0,189.0,-36534.205665630216,12207.640959452683,24199.56686787029,45490.58933456456,0.1346148749829288,-42201.32118452411,14338.477537147164,28221.453728618944,-36702.64064931792,12262.26136850832,24285.27143045741,45686.11707021693
363.0,23.18098492148151,72.59348702398097,1099.0,17642.46075773342,2262.882813754376,-99.0,15.0,0.0,192.0,-36118.81034127891,13979.30559557408,23775.40838707553,45445.12613444864,780.6672814713371,-42600.53966784699,15115.782250540084,26725.92554963097,-36226.52688114914,13757.27411317466,23811.953151765032,45482.226790225424
364.0,23.180464297921663,72.59333527175896,1099.0,17584.50520815643,2247.3353368545545,-99.0,15.0,0.0,195.0,-35781.7098504227,15848.10514877336,23196.33272633901,45492.45045694329,2099.823528059789,-43479.25323103571,16536.89500098688,24942.952553433974,-35879.11952206189,16096.38948416219,23376.248870255407,45747.72107273068
365.0,23.17995168875888,72.59315408790113,1099.0,17527.441817179228,2228.7724993093075,-99.0,15.0,0.0,198.0,-35213.82055924006,17525.496504159517,22744.692834919544,45436.51877345475,2960.097431915072,-43697.63543054133,17264.859599807784,23404.374397972857,-35250.16629448801,17544.903079876916,22861.87886199836,45530.90547059239
366.0,23.179448499019227,72.59294396923431,1099.0,17471.42699158884,2207.245202540038,-99.0,15.0,0.0,201.0,-34599.74376127476,19255.531872711894,22357.64491473901,45472.87171688688,4186.680248134119,-43979.608264764574,18140.37586019813,21972.47864171668,-34600.218785167344,19197.265549736392,22515.963908444457,45526.68201499991
367.0,23.178956107910825,72.59270549188186,1099.0,17416.614264130283,2182.812472136669,-99.0,15.0,0.0,204.0,-33875.82791933419,21043.78439901058,21893.740997448265,45494.48839052627,5277.275445829525,-44333.06017658137,18998.53104916852,20003.943916548287,-33800.21793617241,21046.54892741864,21917.26201186127,45450.83418798334
368.0,23.178475865043467,72.59243930968293,1099.0,17363.15387267887,2155.541295910379,-99.0,15.0,0.0,207.0,-33026.80725959938,22734.31963110277,21471.754981157774,45482.47518355553,6349.52440453008,-44481.62299073213,19770.138010348423,18407.67217752852,-33043.15977941272,22600.49748540932,21420.56746239895,45403.45367047506
369.0,23.178009086729475,72.59214615239901,1099.0,17311.192348451947,2125.506440147765,-99.0,15.0,0.0,210.0,-32084.69937044265,24302.935325887745,21041.25472662496,45418.00303422292,7618.292868495213,-44697.493653004,20268.744321187576,16411.507306053936,-31938.779778902564,24323.632695052616,20983.16745152922,45299.20614699537
370.0,23.17755705237576,72.59182682371241,1099.0,17260.872114375357,2092.790244544805,-99.0,15.0,0.0,213.0,-31033.44851493863,25837.02962450473,20664.7206602909,45361.41208686889,8527.958748565163,-44810.96745342557,20883.795490833603,14748.218083803618,-31140.11810388441,25753.21550144061,20439.64960006678,45284.81356880053
371.0,23.17712100097706,72.59148219902238,1099.0,17212.33109471251,2057.482396418891,-99.0,15.0,0.0,216.0,-29924.039042246102,27367.32156655905,20226.170022817143,45315.74071027886,10230.77302266397,-44872.72676586619,21277.948300420976,13125.248914201244,-29897.42736880371,27390.737716090815,20330.292938206727,45358.89644664949
372.0,23.17670212771996,72.59111322304487,1099.0,17165.702337024893,2019.6796847945948,-99.0,15.0,0.0,219.0,-28764.12845617745,28863.10409169877,19779.418263500484,45295.46611410697,11471.267688067564,-44659.82503895075,21838.96693392108,11492.815373765075,-28804.15200634525,28785.491163138453,19825.461080639343,45291.63919938989
373.0,23.176301580706934,72.59072090722239,1099.0,17121.113647496164,1979.4857350344423,-99.0,15.0,0.0,222.0,-27506.85735971832,30329.922208887823,19390.555395500705,45304.80130793047,12977.212273366938,-44629.34658877142,21958.428544520422,9419.864367077476,-27292.9755949852,30373.729251931265,19515.01414728413,45258.211660059904
374.0,23.175920457809507,72.59030632695129,1099.0,17078.687240624942,1937.010724765464,-99.0,15.0,0.0,225.0,-26221.62442384465,31708.654809248947,18970.220264573283,45308.73684096368,13907.428248311828,-44310.66678349108,22407.22401209178,7883.370464979366,-26281.20062082972,31498.187695061,18920.16156241692,45175.32343761969
375.0,23.17555980365905,72.5898706186339,1099.0,17038.53940424337,1892.3710818653344,-99.0,15.0,0.0,228.0,-24792.46596842846,32980.85057389154,18620.079763423888,45267.09891045938,15471.15306758148,-44279.88785173867,22562.75834728542,6097.179985304258,-24884.665420443307,33002.764244086895,18743.15509460784,45384.30217309407
376.0,23.175220606783515,72.58941497656363,1099.0,17000.780180780534,1845.68916532796,-99.0,15.0,0.0,231.0,-23280.23467636889,34145.86076392633,18279.494278321523,45189.0367784869,16792.354801127207,-43494.82459075259,22536.3135934858,4178.620299670925,-23130.414296748862,34054.22881160225,18156.000064275333,44992.74279065648
377.0,23.174903796897965,72.58894064965175,1099.0,16965.513065642812,1797.092929913094,-99.0,15.0,0.0,234.0,-21791.47966076416,35245.31967522994,17940.931641484476,45155.04593042806,17973.388961489625,-43382.36369781986,22337.2798642402,2596.7715535545854,-21799.16977642833,35115.71107597411,18019.929395302526,45089.18742586216
378.0,23.17461024235628,72.58844893800449,1099.0,16932.834723542463,1746.715575459791,-99.0,15.0,0.0,237.0,-20255.84831476732,36231.79235438544,17694.153046821542,45123.44424139751,19261.78989782623,-42885.18231156152,22411.517519597248,1159.5065618741746,-20435.78180081617,36112.81903625437,17708.03766536093,45114.64811470512
379.0,23.17434074777104,72.58794118936018,1099.0,16902.83472354207,1694.6951818608309,-99.0,15.0,0.0,240.0,-18695.315741691666,37245.39287469665,17433.819227152133,45173.79964002439,20633.63270846421,-42280.86486346865,22037.41947170869,-407.69123558922087,-18739.47354864312,36961.79461345116,17523.758550177063,44993.602252455246
380.0,23.174096051808185,72.58741879539593,1099.0,16875.59529355765,1641.1743306717722,-99.0,15.0,0.0,243.0,-17034.587294321733,38184.09812704256,17218.850040970192,45218.263022775456,22275.86672777701,-41748.480267931656,22184.71913966397,-2186.769977680415,-17091.255000859113,38276.51983133491,17170.191127658683,45299.21005120614
381.0,23.17387682516233,72.58688318791414,1099.0,16851.19109497292,1586.299714403891,-99.0,15.0,0.0,246.0,-15335.850450334794,38950.26806486539,17043.67729168733,45197.32986563571,23598.03972800945,-41122.01624637587,21660.5648840664,-3674.4858077029294,-15376.305117416903,38995.00505670363,17054.207551464875,45253.587411880224
382.0,23.17368366871848,72.58633583491915,1099.0,16829.689017999608,1530.22173456852,-99.0,15.0,0.0,249.0,-13620.718870686234,39730.70964550574,16875.849301943126,45264.19734350368,24643.71026252724,-40626.68711785625,21280.02722453826,-5559.852881889382,-13727.867158733952,39884.92012660614,16640.90211991122,45345.1299876631
383.0,23.17351711190502,72.58577823659489,1099.0,16811.147998337503,1473.0940895754932,-99.0,15.0,0.0,252.0,-11855.135862604651,40402.22002147025,16697.778838051232,45295.6890565601,26104.520284108326,-40083.15297471806,20523.65397176959,-6834.9011408787865,-11980.329358958614,40506.70509895887,16813.501360568735,45464.43970318993
384.0,23.1733776112426,72.58521192119441,1099.0,16795.61885563138,1415.0733535988145,-99.0,15.0,0.0,255.0,-10005.605496524206,40977.49948901082,16567.16491181022,45318.192361777554,27507.814315605505,-39028.175690822696,19626.750691980644,-8379.992217169734,-9858.452080564646,40938.204224049136,16683.653387465212,45293.15547483773
385.0,23.17326554909284,72.58463844085271,1099.0,16783.144154182908,1356.318547591769,-99.0,15.0,0.0,258.0,-8153.55989101209,41384.18718358047,16472.554661190403,45282.18794192538,28739.216237661447,-38030.40948027189,19309.672722310977,-9635.102527260551,-8212.416469590196,41445.551372934526,16378.640699974516,45314.86934832112
386.0,23.17318123261029,72.58405936733413,1099.0,16773.758086280133,1296.9907035958884,-99.0,15.0,0.0,261.0,-6278.156449197902,41741.14112773675,16374.502092530756,45275.406456756806,29744.646182418088,-37129.86418607064,18292.085058201887,-10903.00525852945,-6397.458610378032,41599.35736241374,16315.667482343328,45140.17074659446
387.0,23.17312489290058,72.5834762877261,1099.0,16767.486378483718,1237.2524235442263,-99.0,15.0,0.0,264.0,-4360.849409887101,41983.294560543305,16347.421017114795,45264.24862564123,31088.3875682267,-36083.95527067867,17539.1124971112,-12406.60241156253,-4385.586327956731,42053.3525878038,16119.602742405952,45249.9660097893
388.0,23.17309668438694,72.58289080009096,1099.0,16764.346221109252,1177.2674337893854,-99.0,15.0,0.0,267.0,-2437.245431723499,42161.677807838496,16325.425031159575,45277.66274129496,32186.638636858537,-35226.44690290292,16474.724500273598,-13383.341276659734,-2654.8837927555,42119.64404780891,16261.800577117892,45227.85624675475
389.0,23.17309668438694,72.58230450908778,1099.0,16764.346221109252,1117.2001365332876,-99.0,15.0,0.0,270.0,-524.1253321515296,42184.3559265232,16279.814176680138,45219.76273629298,33579.48084175612,-34160.38263493622,15301.067851916956,-14767.604293256189,-482.5343518956872,42352.33827774535,16312.10434195987,45387.643087698656
390.0,23.17312489290058,72.58171902157602,1099.0,16767.486378483718,1057.215159419111,-99.0,15.0,0.0,273.0,1362.3415571308904,42170.626081652204,16315.498412012588,45237.29840595254,34875.546490871966,-33134.626332919,14013.372324031196,-15949.07891995626,1592.026084545947,42423.3906590594,16475.146722113604,45537.99602068819
391.0,23.17318123261029,72.58113594221341,1099.0,16773.758086280133,997.4769045119176,-99.0,15.0,0.0,276.0,3225.748326730886,41987.12161315529,16438.19092178917,45205.50800960532,35591.02312761997,-31804.56939576169,12777.02918132314,-16489.557613947447,3247.1545284841677,41855.95143755981,16510.343790793275,45111.59646216709
392.0,23.17326554909284,72.58055686905959,1099.0,16783.144154182908,938.149097886679,-99.0,15.0,0.0,279.0,5132.885992062018,41780.53452759589,16507.059498600207,45215.51279494092,36354.82297929887,-30667.26166989404,11598.596160572468,-17350.17598954895,4953.2934116569295,41556.60000558235,16486.227915209744,44980.90517673219
393.0,23.1733776112426,72.579983389198,1099.0,16795.61885563138,879.3943410697789,-99.0,15.0,0.0,282.0,7034.224474237568,41562.40071010373,16542.274789269162,45283.11298867254,37711.51865921527,-29497.854788500463,10390.75102820606,-18328.709360180404,6993.857569928787,41538.40352874035,16666.621249416774,45300.4335000939
394.0,23.17351711190502,72.57941707438775,1099.0,16811.147998337503,821.373665563129,-99.0,15.0,0.0,285.0,8813.68464525504,41068.56939036472,16730.750878382616,45213.12258351227,38653.38417481487,-28296.873361700866,8945.320419025253,-19196.334610762093,8923.320081661934,41176.00598843358,16804.617828099603,45359.500557080566
395.0,23.17368366871848,72.57885947675733,1099.0,16829.689017999608,764.2460916552654,-99.0,15.0,0.0,288.0,10643.461671556332,40543.26508612167,16851.271474475372,45177.48300319407,39466.42923906825,-27032.2422798402,7568.255573291821,-19748.716163929806,10658.455041692188,40623.36516609344,16966.173687197985,45295.82222322183
396.0,23.17387682516233,72.57831212455221,1099.0,16851.19109497292,708.1681927459543,-99.0,15.0,0.0,291.0,12471.35424274518,39886.616656171376,17002.20768390869,45117.091340767634,40068.19038505485,-25700.223965182784,6189.919278529546,-20575.09687981371,12450.476580496968,40068.15075987653,16888.966834050272,45229.50666455856
397.0,23.174096051808185,72.57777651794768,1099.0,16875.59529355765,653.2936663547862,-99.0,15.0,0.0,294.0,14116.744673360849,39126.893997210165,17203.29015812832,45012.770480237465,40740.55503159175,-24295.74223197135,4733.643631318428,-20779.40466516795,14068.831161659447,39209.01677552925,17114.068822792753,45035.21242794688
398.0,23.17434074777104,72.57725412493846,1099.0,16902.83472354207,599.7729130116124,-99.0,15.0,0.0,297.0,15874.092934724138,38384.72903222033,17385.87301693075,45029.35520233527,41378.53925864176,-23135.3010379399,2755.770596419065,-21100.86345268409,15843.212097364483,38265.53786392203,17605.086728609873,45002.19812741598
399.0,23.17461024235628,72.5767463773165,1099.0,16932.834723542463,547.7526241549856,-99.0,15.0,0.0,300.0,17646.723863466512,37573.69511062163,17625.48343099005,45098.19390569311,42149.01986441048,-21498.99633829185,1388.1813194724284,-21446.438634323804,17627.202676335688,37448.07994888717,17672.71898313659,45004.46602624875
400.0,23.174903796897965,72.57625466674769,1099.0,16965.513065642812,497.3753801921417,-99.0,15.0,0.0,303.0,19339.618931201352,36653.92382773065,17856.687092346532,45126.40320574128,42756.08723727536,-20124.53409515093,-191.8413398663797,-22168.959295500343,19482.26067368204,36744.478965588496,17711.736514042354,45204.21247796199
401.0,23.175220606783515,72.57578034095856,1099.0,17000.780180780534,448.7792598062781,-99.0,15.0,0.0,306.0,20979.647892968445,35653.51434337557,18185.56380086777,45188.86413157179,43106.70672945915,-18764.573650298407,-2008.8989009821007,-22206.30579839322,21025.944028177037,35536.784018634404,18045.31655490533,45062.03269083457
402.0,23.17555980365905,72.57532470004304,1099.0,17038.53940424337,402.0974615773365,-99.0,15.0,0.0,309.0,22491.67047345156,34630.85847676394,18607.507230911524,45292.50406935358,43653.40840339835,-17604.29923880896,-3669.297910189115,-22206.31121962105,22484.0625636503,34552.12771600499,18498.60327974668,45183.85687799034
403.0,23.175920457809507,72.57488899289974,1099.0,17078.687240624942,357.4579389668531,-99.0,15.0,0.0,312.0,23990.09695799569,33447.10320791879,18848.960617126075,45271.589119459626,44004.63772641022,-16418.71499723869,-5504.1197752421285,-22220.690817828483,23950.250079504072,33402.56681377735,18925.59162673024,45249.57421944881
404.0,23.176301580706934,72.57447441380924,1099.0,17121.113647496164,314.98304965357374,-99.0,15.0,0.0,315.0,25384.52934455688,32198.266948870863,19220.83980458567,45282.92622334563,44317.15052791961,-14920.1275267108,-7150.875252619136,-22027.367245307007,25363.83397783452,32092.20381560792,19208.783830744436,45190.8286719102
405.0,23.17670212771996,72.57408209916092,1099.0,17165.702337024893,274.78922018828143,-99.0,15.0,0.0,318.0,26770.43020094257,30962.358411146,19544.043043615395,45357.39399496506,44642.19740842946,-13721.37237577525,-8879.83020758867,-22136.24365174221,26819.463936043667,31012.362447186835,19531.971641480297,45415.28582510543
406.0,23.17712100097706,72.57371312433825,1099.0,17212.33109471251,236.98662688154192,-99.0,15.0,0.0,321.0,28108.88614445726,29631.285771898823,19956.377169139418,45457.4478660532,44998.49919006201,-12390.602481167549,-10727.923607863511,-21767.04524692041,28190.36771865429,29630.289861271274,20070.130086381483,45557.22808797937
407.0,23.17755705237576,72.57336850077112,1099.0,17260.872114375357,201.6788938002715,-99.0,15.0,0.0,324.0,29290.07727453336,28147.841765228703,20395.342819095546,45455.24866829925,44779.16863735209,-11062.95000132672,-12494.58928741294,-21494.694802673348,29317.342668404624,28077.50667759814,20283.186664642188,45379.07693684332
408.0,23.178009086729475,72.57304917316316,1099.0,17311.192348451947,168.96280870732244,-99.0,15.0,0.0,327.0,30412.45473824397,26613.19014756896,20833.4525088863,45466.60352914456,45067.78603061424,-9866.333393594536,-14167.45258827586,-20624.19923189867,30307.903274834007,26583.024787535112,20991.318168357848,45451.750749741535
409.0,23.178475865043467,72.57275601690178,1099.0,17363.15387267887,138.92805770659265,-99.0,15.0,0.0,330.0,31383.321007438382,25013.8602533644,21316.095611019005,45442.07273363387,44846.50453102245,-8633.786576577731,-16024.125459737896,-20463.63072538605,31480.228736020043,25080.007520627423,21235.28318034133,45507.67880540775
410.0,23.178956107910825,72.57248983565812,1099.0,17416.614264130283,111.65697935095262,-99.0,15.0,0.0,333.0,32289.368947825067,23331.834772513062,21762.303460081926,45393.564662728495,44327.86635490301,-7306.210497147847,-17742.703127430694,-19799.132187248983,32286.938775092647,23248.671030858623,21467.75122397544,45208.53307487609
411.0,23.179448499019227,72.57225135918317,1099.0,17471.42699158884,87.22433885036615,-99.0,15.0,0.0,336.0,33121.134223548484,21658.596459903,22230.430816050328,45390.48784860587,44415.8309049799,-6104.339093218065,-19476.97550567345,-18947.05476515286,33227.45574809155,21646.412899332387,22105.33772261547,45401.288117526485
412.0,23.17995168875888,72.57204124130648,1099.0,17527.441817179228,65.6971230319211,-99.0,15.0,0.0,339.0,33898.306490528696,19876.69612677073,22633.91722865345,45348.34551508288,44084.16939883836,-4879.442577484428,-21218.28457392794,-18031.441001057192,33971.77440761327,19821.922170273137,22581.80966226636,45353.370134411845
413.0,23.180464297921663,72.57186005814273,1099.0,17584.50520815643,47.13435659790611,-99.0,15.0,0.0,342.0,34600.75972387637,18168.760157764696,23130.226306953213,45412.815241412565,43891.16188490155,-3559.5374406400447,-22975.9832801709,-17083.635683854645,34810.42951669744,17995.294168459044,23098.21687479709,45487.627308329655
414.0,23.18098492148151,72.57170830651118,1099.0,17642.46075773342,31.586940192878817,-99.0,15.0,0.0,345.0,35093.731643983,16375.813571859271,23577.70519715877,45339.22642926665,43404.11284489268,-2548.0682827726505,-24574.292780607047,-16030.639105918612,35273.637510806504,16198.367546222784,23597.38866963923,45425.25031777279
415.0,23.18151213244543,72.57158640257228,1099.0,17701.149613777805,19.09751072028424,-99.0,15.0,0.0,348.0,35590.66624529476,14617.397923480965,24109.81582762692,45405.36383599892,42909.80355466923,-1802.6452126791448,-26006.756369385585,-15051.925728380296,35578.852572063704,14617.477434333576,24104.639063600316,45393.380809038026
416.0,23.182044485764813,72.57149468068529,1099.0,17760.410914213247,9.700324304866427,-99.0,15.0,0.0,351.0,35918.77670897508,12826.30625562683,24557.8778643408,45362.561850409445,42224.55345679387,-833.2176662027272,-27559.75874607591,-13903.350462695302,35877.027092954166,12731.163562495609,24557.960060355443,45302.72619842648
417.0,23.182580522296213,72.57143339249001,1099.0,17820.082227935345,3.421162208482829,-99.0,15.0,0.0,354.0,36192.29184105275,11013.399936898562,24989.404282400195,45339.24672143607,41802.22993309317,158.3147644611512,-29115.82448011093,-12772.868545766392,36307.784978226126,10955.636718503714,25109.05173057572,45483.46627887608
418.0,23.18311877280076,72.57140270621512,1099.0,17880.000000020824,0.2772599743449199,-99.0,15.0,0.0,357.0,36327.15290888619,9166.799111399789,25453.65173143325,45294.37747534956,40881.48896864485,1061.084177038411,-30445.23746230775,-11801.309548408057,36454.95838885105,9169.683469373904,25315.79866913684,45320.37895161118
419.0,23.18365776197124,72.57140270621512,1099.0,17940.00000002196,0.2772599743449199,-99.0,15.0,0.0,0.0,36344.83152715139,7333.714154097029,25985.027550529176,45276.39339471267,40077.353725798566,1942.1624557268872,-31701.05951870714,-10348.134097781462,36402.81917423095,7266.934279212225,25759.110138848384,45183.020403636896
420.0,23.18419601247578,72.57143339273709,1099.0,17999.91777210637,3.421187522397246,-99.0,15.0,0.0,3.0,36327.21340994459,5486.240105360823,26497.569063671737,45297.753044818695,39363.618724204265,2419.3783413016085,-33040.41723263833,-8812.291011899211,36215.32273096333,5506.238950928346,26488.411744184275,45205.13493644266
421.0,23.18473204900718,72.57149468191798,1099.0,18059.58908582848,9.700450596807917,-99.0,15.0,0.0,6.0,36182.73161555989,3642.8643539527184,26984.64573562996,45283.900376871126,38509.78559056157,3129.20510562905,-34568.649085561185,-7502.433554250411,36247.52503081814,3600.225633085724,27040.255867505777,45365.40678588803
422.0,23.185264402326563,72.57158640601247,1099.0,18118.85038626427,19.097863178189066,-99.0,15.0,0.0,9.0,35938.27829854612,1812.7843652475487,27412.090248761386,45235.701896012135,37611.01310735606,3858.772279066504,-35459.77779446703,-6012.437975872396,35914.94002123708,1864.0768175865376,27366.221174362527,45191.45671999353
423.0,23.185791613290483,72.57170831385073,1099.0,18177.53924230865,31.58769215208476,-99.0,15.0,0.0,12.0,35542.33571130932,17.8302181561445,27915.682251744813,45194.50476897024,36595.86079058417,4762.086501850393,-36856.75459964351,-4408.391705779281,35776.84899750193,-266.1246724597094,27834.981904843044,45330.34264346881
424.0,23.18631223685033,72.57186007152494,1099.0,18235.49479188564,47.135727645965176,-99.0,15.0,0.0,15.0,35162.33217181791,-1778.1522164320331,28404.04850299813,45236.50517476712,35631.79938290419,5089.071560160789,-37800.45598017643,-2771.2736937102964,35200.72863699135,-1942.6917692529944,28393.469964622534,45266.48301466934
425.0,23.18682484601312,72.57204126330258,1099.0,18292.55818286355,65.6993765998609,-99.0,15.0,0.0,18.0,34699.816478737615,-3553.191391537045,28885.504369789352,45288.793265222725,34753.96153373352,5209.573135276743,-38655.071741679865,-1166.823680520008,34548.10465542767,-3439.7921359996803,29025.983028337472,45253.85504001403
426.0,23.187328035752767,72.57225139276419,1099.0,18348.57300845324,87.22777932819925,-99.0,15.0,0.0,21.0,34126.568563882574,-5314.19613786456,29308.813132187137,45297.57046194132,33657.43560551585,5861.5013924232,-39822.82423204874,415.4319260893334,34176.103102316105,-5387.683443236976,29459.668593696213,45441.2283042072
427.0,23.18782042686117,72.57248988416232,1099.0,18403.38573591179,111.66194875480596,-99.0,15.0,0.0,24.0,33495.15404991296,-7064.800434742076,29799.827119458983,45385.75157865931,32533.226291139574,5983.164083100041,-40509.06982015911,1936.7813556261444,33380.37710927846,-6883.07852963211,29876.10687385149,45323.37264525358
428.0,23.188300669728527,72.5727560839981,1099.0,18456.8461273632,138.93493192873936,-99.0,15.0,0.0,27.0,32735.35830611165,-8744.318215692087,30184.10580356316,45377.825285567546,31243.191881690665,6571.494041399154,-41358.768914288274,3938.606938797122,32577.644765014706,-8931.180564678823,30297.497648864923,45376.28552996997
429.0,23.18876744804252,72.57304926281097,1099.0,18508.807651590127,168.97199339864648,-99.0,15.0,0.0,30.0,31879.932167029645,-10344.709293005422,30629.630195387806,45403.93519550279,30038.49677027637,6667.978570321105,-41829.459751104725,5301.55958050367,31711.41481149345,-10288.59879333026,30528.061254098076,45204.3318544881
430.0,23.18921948239624,72.57336861717691,1099.0,18559.127885667425,201.6908199281781,-99.0,15.0,0.0,33.0,30900.56905048338,-11930.943427032,31032.541741249253,45389.549740277296,28843.374922587285,6973.036358496883,-42448.19098626464,6966.770762417604,30872.866659006453,-11927.171707763182,30867.44049363194,45256.93541678631
431.0,23.189655533794934,72.57371327190947,1099.0,18607.668905329563,237.00174600111345,-99.0,15.0,0.0,36.0,29789.104069365538,-13433.237186697115,31422.34141904684,45334.381244533375,27569.8133725158,6975.223533832017,-43047.89246378123,8656.753393937906,29850.239817568025,-13471.0494128208,31306.487393641804,45305.65243297172
432.0,23.19007440705204,72.57408228245774,1099.0,18654.29766301789,274.807999506188,-99.0,15.0,0.0,39.0,28633.14813256758,-14943.29174598802,31742.56820184741,45285.20482714201,26336.99020496587,7040.8233829821065,-43513.537349952414,10530.239810350397,28735.20402991024,-15046.156636893546,31757.127300393902,45393.98544472527
433.0,23.19047495406506,72.57447463749457,1099.0,18698.88635254591,315.00596689646903,-99.0,15.0,0.0,42.0,27379.025404142267,-16286.55634920987,32185.7379925718,45285.5902017754,24955.26914053512,6671.120755314883,-43632.83005848583,12298.089378307552,27262.969264914827,-16301.530050559477,32136.06703872441,45185.57490888407
434.0,23.190856076962486,72.57488926168818,1099.0,18741.31275941677,357.48547715983386,-99.0,15.0,0.0,45.0,26100.335438977003,-17681.73666843883,32546.084757470973,45311.35569236058,23505.86217863568,6568.570983618486,-44021.478164393775,13955.028147412757,26041.76631962495,-17770.501421256962,32438.62586743633,45235.26016258066
435.0,23.191216731112945,72.57532501864917,1099.0,18781.46059579835,402.1301037441961,-99.0,15.0,0.0,48.0,24703.249009860578,-18945.1149615502,32887.03077111885,45284.92779601232,22211.98829894223,6359.279265440557,-44091.86154836099,15633.9604965755,24694.354389153978,-18997.61520550408,32726.463947319568,45185.63892088653
436.0,23.19155592798848,72.57578071404531,1099.0,18819.219819261893,448.81748367888406,-99.0,15.0,0.0,51.0,23229.031366191324,-20184.99851924746,33189.405668084415,45261.00652917693,21139.501252155816,5985.109154574279,-44162.10668557167,17352.18739232467,23354.336430673226,-20074.426415954564,33198.51495137031,45282.98820774754
437.0,23.19187273787403,72.57625509887528,1099.0,18854.48693439926,497.4196529784675,-99.0,15.0,0.0,54.0,21740.87526865412,-21353.8500895038,33537.48992824908,45314.63121089684,19474.82069445309,5421.031375790779,-44207.43301963664,19266.338141189164,21580.03105231203,-21399.479864939636,33570.41843433558,45283.64464754451
438.0,23.19216629241572,72.57674687289243,1099.0,18887.16527650032,547.8033974166309,-99.0,15.0,0.0,57.0,20219.793811355383,-22492.670339610457,33836.786360784674,45383.78996960811,18071.185153290506,5012.930235501346,-44328.35888017149,21117.95718963084,20046.11392331725,-22684.695906328037,33993.47639422651,45519.21077033328
439.0,23.19243578700096,72.57725468816928,1099.0,18917.16527650071,599.830617721196,-99.0,15.0,0.0,60.0,18701.067444386525,-23567.573085224674,34081.4747368266,45461.05305559749,16834.637974626192,4792.266818125911,-43966.19941262898,22421.160393353894,18694.00003598497,-23532.07036941445,33961.06971274467,45349.51189649545
440.0,23.19268048296381,72.57777715279282,1099.0,18944.40470648442,653.3587081710125,-99.0,15.0,0.0,63.0,17054.776303948896,-24494.81429151387,34318.30621971009,45481.94656941676,15737.938567328736,3974.2982154466818,-43875.93167442581,23966.210780698504,17156.8109477616,-24282.703713793435,34470.315099506995,45521.516721308944
441.0,23.192899709609662,72.57831283468067,1099.0,18968.808905069152,708.2409475663104,-99.0,15.0,0.0,66.0,15379.569553762758,-25330.02050141644,34466.78459282684,45454.37644968336,14169.598365073043,3810.8353949203583,-43224.41820794366,25551.70429898977,15438.26580309314,-25295.45869043064,34266.4105743644,45303.27995870884
442.0,23.19309286605351,72.57886026550744,1099.0,18990.31098204176,764.3269015050022,-99.0,15.0,0.0,69.0,13671.432218855736,-26031.65680193161,34731.732221334496,45506.57576507822,12955.430640872384,2757.0436428438384,-43038.8665863024,27304.12118694184,13617.045561967258,-26043.376085905016,34875.438303822644,45606.77103975156
443.0,23.193259422866973,72.57941794473064,1099.0,19008.85200170457,821.4628348400794,-99.0,15.0,0.0,72.0,11847.488457674017,-26614.544337214506,34794.27013908335,45379.93155067318,11372.090384473637,2267.629464410007,-42277.43273627455,28531.83609669928,11858.18988484114,-26718.96559410964,34603.66003864737,45298.26793415444
444.0,23.1933989235294,72.57998434370501,1099.0,19024.3811444114,879.4921332153981,-99.0,15.0,0.0,75.0,10033.331754612143,-27220.690409775747,34967.49431063152,45435.221919200674,10084.236079487662,1294.7321195349562,-41506.5713992901,30149.14945551457,9845.145727008648,-27221.87043538213,34833.80415136509,45291.84293051485
445.0,23.19351098567916,72.58055790987409,1099.0,19036.85584585987,938.2557324989464,-99.0,15.0,0.0,78.0,8151.395850370305,-27676.862474186342,35063.31579763602,45408.039876757626,8973.667883316804,252.77259205664487,-40876.25372989127,31687.126720028224,7974.174633660756,-27644.60699406499,35197.12386004037,45460.41448297022
446.0,23.193595302161704,72.58113707102734,1099.0,19046.241913761936,997.592554933992,-99.0,15.0,0.0,81.0,6238.999965129379,-28067.301925511656,35269.2213465818,45504.02764961466,7707.085901458191,-525.0965033716597,-40269.59551547738,32860.9975034797,6317.90967663516,-28101.83612853392,35231.115219703825,45506.71001183387
447.0,23.19365164187141,72.58172023961136,1099.0,19052.51362155765,1057.3399508454452,-99.0,15.0,0.0,84.0,4361.50625174224,-28288.79952296117,35321.13930915215,45462.7517571342,6629.331827593627,-1581.8523686254266,-39120.94984356309,34206.112444128325,4313.809739963474,-28196.002308472816,35307.09641755181,45389.58644987094
448.0,23.193679850385053,72.58230581708312,1099.0,19055.65377893247,1117.3341446371185,-99.0,15.0,0.0,87.0,2445.437068643537,-28412.8821070647,35347.49467413432,45417.14887379664,5283.137040209483,-2756.639559092348,-38230.10040213096,35404.871235233535,2317.365615645376,-28403.552634578613,35366.20341032565,45419.16257839176
449.0,23.193679850385053,72.5828921982935,1099.0,19055.65377893247,1177.4106838937516,-99.0,15.0,0.0,90.0,543.8317043556092,-28467.10160346782,35412.95422563231,45439.50872986582,4456.85138180982,-3564.6075699713742,-37103.48950086177,36643.23960601256,585.6469542250417,-28459.87681245292,35406.66404010952,45430.6001389391
450.0,23.19365164187141,72.5834777758888,1099.0,19052.51362155765,1237.404890340427,-99.0,15.0,0.0,93.0,-1374.9635157420255,-28369.70582621721,35412.31589767235,45395.62589691063,3442.4350309340607,-4848.077911787422,-36081.65339419356,37716.6252436446,-1316.6247997823898,-28365.69461856491,35545.48943736539,45495.36186688637
451.0,23.193595302161704,72.58406094471852,1099.0,19046.241913761936,1297.1523114250244,-99.0,15.0,0.0,96.0,-3289.029195210988,-28269.183027989187,35335.40352380213,45371.30331285217,1993.8492163291137,-5989.249802146794,-34785.722842025585,38422.86953762753,-3304.989920647624,-28243.467112576356,35157.0336635031,45217.62276957353
452.0,23.19351098567916,72.58464010623695,1099.0,19036.85584585987,1356.4891712750282,-99.0,15.0,0.0,99.0,-5246.755519699384,-28040.83151728856,35329.89469273253,45409.44983881691,1212.6743771435213,-7027.24460064796,-33364.56619750545,39728.378428901306,-5273.394291473174,-28082.1838619923,35218.163021885215,45351.2595684857
453.0,23.1933989235294,72.58521367288668,1099.0,19024.3811444114,1415.2528198008597,-99.0,15.0,0.0,102.0,-7131.970134779384,-27840.53201833688,35248.84163577619,45480.1171692802,128.58093247288014,-8580.01364570987,-32306.225298068184,40488.99489703425,-7202.820887028846,-27750.322913537508,35292.18704950319,45469.76486934306
454.0,23.193259422866973,72.58578007245193,1099.0,19008.85200170457,1473.2821787139856,-99.0,15.0,0.0,105.0,-9007.130876739666,-27492.90155956053,35163.18946315998,45535.01878792286,-591.0237358813321,-9440.661686881049,-30695.392516678254,41223.92668642787,-8902.836237250962,-27309.973086455644,34973.984366316254,45257.86898988478
455.0,23.19309286605351,72.58633775236972,1099.0,18990.31098204176,1530.418183213735,-99.0,15.0,0.0,108.0,-10864.554379818032,-26942.874918498776,35001.71522684229,45487.10937800793,-1588.7578964171155,-10839.319586299824,-29327.94734150742,42053.389298084825,-10891.793414507303,-26903.414731631143,34914.63615434466,45403.267567397874
456.0,23.192899709609662,72.5868851839872,1099.0,18968.808905069152,1586.504218163209,-99.0,15.0,0.0,111.0,-12674.224182208483,-26361.70316933104,34884.471933798806,45524.737612739664,-2276.276348901209,-12191.04530555146,-27965.91985971461,42699.16783246339,-12644.217551066373,-26305.659656484386,34892.101445596825,45489.80886672645
457.0,23.19268048296381,72.58742086675323,1099.0,18944.40470648442,1641.3865475303712,-99.0,15.0,0.0,114.0,-14501.411336601965,-25645.800391158424,34633.43671995861,45469.472698634265,-3189.4209334591847,-13877.960567633412,-26415.708998713584,43309.61452741329,-14705.668656507543,-25563.677304081462,34820.224156633165,45631.19873792905
458.0,23.19243578700096,72.58794333233277,1099.0,18917.16527650071,1694.9147359238298,-99.0,15.0,0.0,117.0,-16258.4599021746,-24820.05436557333,34483.31192014682,45491.44335018153,-3765.8011314584655,-14905.751154976737,-24919.080713900737,43541.62483809848,-16148.817451397088,-24820.615225890902,34468.094943146774,45441.135706318506
459.0,23.19216629241572,72.58845114863297,1099.0,18887.16527650032,1746.9420610750024,-99.0,15.0,0.0,120.0,-17976.37544271417,-23901.1633158073,34231.15538963105,45455.33721374616,-4148.972142769668,-16386.182435729716,-23098.955830679595,44098.74804514281,-17985.1595337703,-23798.59182364521,34396.326808801015,45529.61930635358
460.0,23.19187273787403,72.58894292372962,1099.0,18854.48693439926,1797.3259161105063,-99.0,15.0,0.0,123.0,-19645.68574975564,-22967.016043561944,34015.893597192306,45502.94289097016,-4704.64247012739,-17524.568044499476,-21551.01982663924,44313.88563629939,-19482.140532920468,-22969.150063366636,34071.53128539866,45475.32186263026
461.0,23.19155592798848,72.58941730968338,1099.0,18819.219819261893,1845.9282005459736,-99.0,15.0,0.0,126.0,-21241.442537246665,-21992.39045431056,33707.51081412254,45508.90466976974,-5705.308523306393,-19039.3144093887,-19850.582328027533,44371.44428390735,-21332.58072163212,-22035.15934844868,33582.74718000718,45479.97532884946
462.0,23.191216731112945,72.58987300623531,1099.0,18781.46059579835,1892.615698894672,-99.0,15.0,0.0,129.0,-22743.06496055324,-20900.79836265863,33445.5889870078,45526.8909402379,-5837.783976504756,-20553.87240757028,-18098.60381390217,44548.1897227528,-22880.92909660115,-20754.604121370478,33499.11054701149,45568.420161328766
463.0,23.190856076962486,72.5903087643714,1099.0,18741.31275941677,1937.260445872955,-99.0,15.0,0.0,132.0,-24158.46297513332,-19736.46596540693,33110.515599446844,45491.38012179633,-6193.3409759921215,-21741.269202640568,-16614.71134469862,44547.55270554548,-24191.316138942664,-19751.5867999942,33216.487620488886,45592.54333215098
464.0,23.19047495406506,72.59072338974656,1099.0,18698.88635254591,1979.7400771884725,-99.0,15.0,0.0,135.0,-25537.194617019628,-18462.47009454107,32753.24953394632,45450.92370824067,-6621.778153489639,-23054.83926579608,-14753.071817619386,44427.25143184848,-25699.64898293896,-18510.107476507237,32741.55586170677,45553.326079260005
465.0,23.19007440705204,72.59111574595846,1099.0,18654.29766301789,2019.938164968764,-99.0,15.0,0.0,138.0,-26920.22567774127,-17203.4387795121,32426.90329527769,45520.99420819181,-6844.194723267867,-24290.13997026617,-13358.942276874952,44214.16422453312,-26842.2654103034,-17375.570514036746,32484.202290969653,45581.14809354929
466.0,23.189655533794934,72.59148475766241,1099.0,18607.668905329563,2057.744536876118,-99.0,15.0,0.0,141.0,-28177.77918613358,-15853.436291273538,32036.68693062348,45515.57965790123,-6898.974865642333,-25653.44434087429,-11222.219426424495,43943.05155914919,-28264.146923694803,-15766.33954005437,32008.18654010505,45518.82543962059
467.0,23.18921948239624,72.59182941351862,1099.0,18559.127885667425,2093.055578071904,-99.0,15.0,0.0,144.0,-29405.040194307123,-14436.9737115903,31592.06829154623,45509.79430535462,-6951.572305318208,-26746.34989571557,-9752.91220932345,43701.7692590859,-29291.91465769379,-14575.16592365036,31717.946179197388,45568.40830928832
468.0,23.18876744804252,72.59214876896387,1099.0,18508.807651590127,2125.774515179224,-99.0,15.0,0.0,147.0,-30462.89139254808,-12901.145736250191,31149.762729455288,45439.35553464098,-6984.224493610796,-28033.806714927767,-7855.269362299315,43086.64543613046,-30418.88565366585,-12943.75969507642,31173.232637786183,45438.089226377255
469.0,23.188300669728527,72.59244194879987,1099.0,18456.8461273632,2155.811681472276,-99.0,15.0,0.0,150.0,-31480.75903780634,-11245.213412618505,30750.61979892145,45421.29051787917,-6962.067859457036,-29510.64376308052,-6029.4524077360375,42321.48199265784,-31508.05719273008,-11172.74896787821,30700.388519577795,45388.34479040404
470.0,23.18782042686117,72.59270814959142,1099.0,18403.38573591179,2183.084762567694,-99.0,15.0,0.0,153.0,-32401.23461013285,-9663.432806797988,30314.769695667102,45411.53157044703,-6910.909757903539,-30396.70613944044,-4327.984722122576,41675.99698187549,-32326.835259765365,-9750.660268188623,30089.95656270822,45227.26102168148
471.0,23.187328035752767,72.59294664186747,1099.0,18348.57300845324,2207.5190219387923,-99.0,15.0,0.0,156.0,-33265.518149888754,-7939.503667428411,29914.00053915773,45436.52544509116,-6772.841723697175,-31862.322153212404,-2592.254286177348,41125.5244786162,-33414.91213716015,-8066.289793813195,29794.417213525885,45489.87449164435
472.0,23.18682484601312,72.59315677211954,1099.0,18292.55818286355,2229.047505653148,-99.0,15.0,0.0,159.0,-33979.88023142251,-6184.914970605492,29417.12447774027,45367.96938671935,-6012.3043544318725,-33158.36879740402,-870.1176339120448,40235.59843986376,-34007.15222148492,-6044.706470128414,29553.88789051176,45458.30141976487
473.0,23.18631223685033,72.59333796459153,1099.0,18235.49479188564,2247.611225744344,-99.0,15.0,0.0,162.0,-34703.48437651438,-4401.843445899502,28994.87708261072,45435.78931446983,-5902.193500066894,-34310.403388665654,1010.5772587698048,39286.26164503243,-34861.60832034363,-4272.7417930859965,28874.973232652814,45468.14419236673
474.0,23.185791613290483,72.59348972285635,1099.0,18177.53924230865,2263.15932174866,-99.0,15.0,0.0,165.0,-35227.309592209946,-2640.9459099416863,28497.22264707008,45387.54933901288,-5512.476267561632,-35098.098389940686,2526.796282944924,38387.59514624072,-35301.34583686829,-2717.2312354355668,28339.1315801827,45350.575985315925
475.0,23.185264402326563,72.59361163117505,1099.0,18118.85038626427,2275.649199945287,-99.0,15.0,0.0,168.0,-35726.68999811625,-829.047892952103,28031.80535466867,45418.78256924484,-4876.251745130621,-36174.106339019214,4049.467011705912,37372.42369295951,-35711.5312791722,-876.8949264574952,27981.632088716506,45376.801841509616
476.0,23.18473204900718,72.59370335563455,1099.0,18059.58908582848,2285.046649922075,-99.0,15.0,0.0,171.0,-36128.40278320803,973.937176366282,27465.976789424345,45393.72117690308,-4446.009765815745,-37170.84765248567,5335.000206455012,36038.75371463288,-35935.98884775601,875.1552074829991,27465.38573710061,45238.35325021191
477.0,23.18419601247578,72.59376464506101,1099.0,17999.91777210637,2291.3259381565954,-99.0,15.0,0.0,174.0,-36448.17653483989,2837.01340099999,26952.7129038351,45419.89597774158,-3842.724342230031,-38363.33280685851,7055.929977069036,35198.029516670445,-36572.26000837277,2761.975383669607,27133.748500794776,45622.3521735169
478.0,23.18365776197124,72.59379533170645,1099.0,17940.00000002196,2294.469878354436,-99.0,15.0,0.0,177.0,-36664.54351957119,4642.156592248612,26432.34389718605,45436.848187617456,-3142.9958756355986,-39204.21890398817,8789.550582698364,33702.5571305024,-36736.50425932328,4827.319339521691,26402.615894568036,45496.9436696257
479.0,23.18311877280076,72.59379533170645,1099.0,17880.000000020824,2294.469878354436,-99.0,15.0,0.0,180.0,-36827.42640844928,6506.318495340447,25866.69425152662,45471.72074745486,-2627.984657837323,-40014.72313486869,9826.56772600347,32499.27303404434,-36792.46078468815,6371.36325823631,26006.502027517985,45504.03925003269
480.0,23.182580522296213,72.59376464530811,1099.0,17820.082227935345,2291.3259634731166,-99.0,15.0,0.0,183.0,-36827.25720767501,8353.083847416903,25302.613222821703,45455.94701582995,-1957.606520428784,-40502.87634247508,11414.160539087228,30877.494817871448,-36698.7523617255,8262.720466921086,25118.46239469669,45232.82135237112
481.0,23.182044485764813,72.59370335686728,1099.0,17760.410914213247,2285.04677621923,-99.0,15.0,0.0,186.0,-36750.12208839,10193.095064993982,24839.787857483258,45513.577329411804,-1005.347976782218,-41448.33190650032,12677.289273575396,29510.01494700866,-36650.621217631655,10223.541719926978,24801.1097680547,45418.981567891824
482.0,23.18151213244543,72.59361163461534,1099.0,17701.149613777805,2275.649552413619,-99.0,15.0,0.0,189.0,-36478.18596228372,11967.086820671251,24344.29686020756,45458.9266007277,-84.58817319149145,-41944.84587991124,14173.386604838555,28109.51928892689,-36508.314123248674,12091.500824025758,24160.545758956865,45417.98502432558
483.0,23.18098492148151,72.5934897301961,1099.0,17642.46075773342,2263.1600737287204,-99.0,15.0,0.0,192.0,-36074.660076606095,13803.572408739648,23917.926174198543,45431.12262932106,820.5824134829425,-42799.79036746935,14924.96170290154,26493.723402047053,-36112.347005567804,13878.754714531751,23897.596236320187,45473.2508685146
484.0,23.180464297921663,72.59333797797409,1099.0,17584.50520815643,2247.612596828899,-99.0,15.0,0.0,195.0,-35542.44778669797,15587.60616552036,23382.47101355551,45309.81142469348,1846.58419656602,-43311.43642269468,16032.040676540611,24923.83420844681,-35689.22173830566,15703.736978532164,23404.25606236908,45476.22571421036
485.0,23.17995168875888,72.59315679411625,1099.0,17527.441817179228,2229.0497592836523,-99.0,15.0,0.0,198.0,-35015.36690570315,17341.370493891394,22937.06114439306,45309.0258567655,2913.459244457416,-43483.9897959995,16903.416580882087,23457.28382493776,-35044.25098431051,17252.777006723347,22928.59253310626,45293.246704605815
486.0,23.179448499019227,72.59294667544944,1099.0,17471.42699158884,2207.522462514383,-99.0,15.0,0.0,201.0,-34447.64056427007,19070.99540135435,22443.713305503068,45321.77261519279,4184.098388692612,-43796.16738772636,17747.876473166903,21794.608159088293,-34274.927134957,19023.778300200283,22528.35074250763,45212.84505645743
487.0,23.178956107910825,72.59270819809699,1099.0,17416.614264130283,2183.0897321110137,-99.0,15.0,0.0,204.0,-33801.04669913464,20781.638700572545,22015.55791464,45376.99918825708,5367.834508148078,-44208.32804512886,18807.962091649428,20296.87690926751,-33751.3190421226,20822.389068578144,22111.827124706477,45405.465776702426
488.0,23.178475865043467,72.59244201589806,1099.0,17363.15387267887,2155.818555884724,-99.0,15.0,0.0,207.0,-32998.614183349535,22445.941875256547,21569.04131779249,45364.66012280476,6520.488172432793,-44419.38752492702,19461.16866934053,18624.368428899787,-32902.2261292902,22419.95834282488,21695.26807671026,45341.98576680639
489.0,23.178009086729475,72.59214885861414,1099.0,17311.192348451947,2125.78370012211,-99.0,15.0,0.0,210.0,-32086.82724617801,23998.21788191848,21074.57042063144,45272.69003105799,7388.688185405358,-44575.24670077936,20093.02887541248,16794.768108633707,-32075.136815728703,23929.232652186176,21072.85503985021,45227.069290422834
490.0,23.17755705237576,72.59182952992754,1099.0,17260.872114375357,2093.06750451915,-99.0,15.0,0.0,213.0,-31006.18202308061,25537.148618948297,20674.52651815872,45177.04428119118,8697.077460260276,-44559.26967048567,20687.555909981693,14981.762153432615,-30974.052534019767,25531.355934957315,20589.99359303117,45113.07906160653
491.0,23.17712100097706,72.59148490523751,1099.0,17212.33109471251,2057.759656393236,-99.0,15.0,0.0,216.0,-29954.311919780943,27089.844319416512,20356.43457050034,45227.2583323466,9945.45365062516,-44636.706752233134,21089.630260838883,13503.468018971198,-30001.004190517742,26919.673360500037,20349.864141812308,45153.58276887557
492.0,23.17670212771996,72.59111592926,1099.0,17165.702337024893,2019.95694476894,-99.0,15.0,0.0,219.0,-28812.9832250702,28647.996028858408,19897.842855064657,45241.79294725743,11622.156819888463,-44710.68882702047,21638.38452571765,11466.56401154428,-28662.617858178062,28797.36518285029,19988.31021484046,45280.97226433065
493.0,23.176301580706934,72.59072361343752,1099.0,17121.113647496164,1979.762995008788,-99.0,15.0,0.0,222.0,-27573.35729673021,30177.7030227284,19484.392109027573,45283.83075888646,12696.924461613986,-44753.64663523752,21972.294968446,9782.013664118598,-27630.98685991516,30155.37366031172,19598.28037148569,45353.17617284579
494.0,23.175920457809507,72.59030903316642,1099.0,17078.687240624942,1937.2879847398087,-99.0,15.0,0.0,225.0,-26294.77376755149,31504.491585926648,19177.36865989286,45295.911363961735,14078.898081782603,-44482.98417009647,22253.7358166806,8092.287072729256,-26305.568828690917,31490.126045106703,19225.951678453606,45312.78194593592
495.0,23.17555980365905,72.58987332484902,1099.0,17038.53940424337,1892.6483418396792,-99.0,15.0,0.0,228.0,-24863.827971809456,32756.653855646065,18844.5501745916,45236.3281502052,15381.930306887023,-43993.01862420501,22406.19410345708,6427.728559276851,-24874.41941470048,32628.985598741907,18791.228523987484,45127.57152630812
496.0,23.175220606783515,72.58941768277876,1099.0,17000.780180780534,1845.966425302305,-99.0,15.0,0.0,231.0,-23414.626154649435,33917.36429167226,18558.783114282945,45200.22952529104,16802.86171429157,-44110.30525947728,22333.69954071628,4485.9282573104565,-23437.709407837337,34104.48667830547,18647.863345941627,45389.26129874616
497.0,23.174903796897965,72.58894335586687,1099.0,16965.513065642812,1797.370189887439,-99.0,15.0,0.0,234.0,-21880.78037819098,35009.1052859221,18230.687524165405,45130.521495803325,17979.741880371825,-43454.29761581633,22424.002165301143,3079.3252693359605,-22074.070928222925,34978.21024035162,18225.228620443864,45198.43755297191
498.0,23.17461024235628,72.58845164421962,1099.0,16932.834723542463,1746.9928354341357,-99.0,15.0,0.0,237.0,-20293.38152809389,36106.96401078534,17969.092874219434,45148.8923744897,19431.66096184732,-42941.93415159155,22159.355312307714,1365.033972579354,-20366.606280728676,36012.764214132294,18004.353679470674,45120.66698479061
499.0,23.17434074777104,72.58794389557531,1099.0,16902.83472354207,1694.9724418351757,-99.0,15.0,0.0,240.0,-18665.041627786475,37067.44743714959,17673.67869363324,45108.074188981234,20719.92437200727,-42562.59597768135,22110.129863002858,-377.5697676249011,-18868.628814452022,37139.5946955668,17664.675542769222,45248.37466163677
500.0,23.174096051808185,72.58742150161106,1099.0,16875.59529355765,1641.4515906461172,-99.0,15.0,0.0,243.0,-17018.462627591976,37992.9516898824,17414.82537082861,45126.14088322796,21876.802786998283,-41623.906941464986,21731.4394097888,-2042.0968602283635,-17076.482340339295,37790.85706540822,17202.370717782607,44896.28810013205
501.0,23.17387682516233,72.58688589412927,1099.0,16851.19109497292,1586.5769743782355,-99.0,15.0,0.0,246.0,-15329.46374173914,38818.11678104015,17178.958261804008,45132.64069381017,23514.363646272643,-41207.710355748924,21242.67474925642,-3533.085784263687,-15329.920831318266,38753.69914573767,17297.26112562936,45122.62085275016
502.0,23.17368366871848,72.58633854113428,1099.0,16829.689017999608,1530.498994542865,-99.0,15.0,0.0,249.0,-13658.973003416168,39572.287141369336,16975.281485182997,45174.037174114,24856.06497368185,-40499.14892222876,21088.69599919116,-5433.699699321669,-13552.466292406283,39784.17197387978,16815.10352974454,45268.061466889405
503.0,23.17351711190502,72.58578094281002,1099.0,16811.147998337503,1473.3713495498382,-99.0,15.0,0.0,252.0,-11886.86770445398,40166.87977563427,16793.907731816802,45129.936756417286,26146.18024179671,-39850.66642587179,20381.93394557656,-6477.5382625671145,-11954.996533489368,40207.96552418091,16946.980259686374,45241.60224430235
504.0,23.1733776112426,72.58521462740954,1099.0,16795.61885563138,1415.3506135731595,-99.0,15.0,0.0,255.0,-10075.959182211189,40787.16109817907,16648.4216179995,45191.67408119632,27538.26192078542,-39057.39465032048,19933.739453711703,-8149.424889856089,-10090.688675914018,40997.13205623241,16676.398316049363,45394.81353178921
505.0,23.17326554909284,72.58464114706784,1099.0,16783.144154182908,1356.595807566114,-99.0,15.0,0.0,258.0,-8214.663263528912,41270.5030136477,16456.703952690783,45183.60561663028,28706.297237928124,-38090.52114616756,19258.92991211645,-9523.979912419283,-8278.845151822848,41387.23635774345,16460.505254858806,45303.32044811745
506.0,23.17318123261029,72.58406207354926,1099.0,16773.758086280133,1297.267963570233,-99.0,15.0,0.0,261.0,-6355.6225144964765,41576.07770790591,16419.021552068527,45150.28730637155,29808.54503113069,-37216.089148831656,18129.36102458422,-11040.5184364677,-6277.119575160476,41653.44625890353,16391.589620302635,45200.61974889991
507.0,23.17312489290058,72.58347899394123,1099.0,16767.486378483718,1237.5296835185711,-99.0,15.0,0.0,264.0,-4462.763369941457,41808.334782392,16361.570459406032,45117.115400596784,31077.93069244211,-36233.608118654425,17349.839277010662,-12162.416134252957,-4478.693923312658,41925.932743680416,16367.56983455136,45229.85604636883
508.0,23.17309668438694,72.58289350630609,1099.0,16764.346221109252,1177.5446937637305,-99.0,15.0,0.0,267.0,-2527.4499049577485,42048.53308886343,16317.29766189976,45174.34383512784,32176.28620964897,-35274.88282660861,16233.710339038924,-13354.95960839924,-2588.2673251322744,42019.482869516,16394.94303084138,45178.86923499116
509.0,23.17309668438694,72.5823072153029,1099.0,16764.346221109252,1117.4773965076322,-99.0,15.0,0.0,270.0,-608.4896049969685,42123.19122347472,16366.084646230946,45194.93583463089,33518.31277933318,-34051.64706226459,15153.533201081218,-14724.758391707022,-416.60545757432,42196.33064827581,16320.971107242178,45244.64585085549
510.0,23.17312489290058,72.58172172779115,1099.0,16767.486378483718,1057.4924193934555,-99.0,15.0,0.0,273.0,1290.925109927448,42181.4320478081,16417.115117696503,45282.02033954528,34545.106056362376,-33273.9051165723,14029.465958646064,-15445.593110373178,1163.64719777872,42129.56823355984,16603.418301742262,45298.21291894088
511.0,23.17318123261029,72.58113864842854,1099.0,16773.758086280133,997.7541644862624,-99.0,15.0,0.0,276.0,3232.9256291105694,42014.76298218904,16453.060201755285,45237.10099658759,35340.21052428532,-31751.11129336799,13117.256151991873,-16506.352138483795,3021.6471654217435,41878.79319943808,16223.995868126836,45013.12823346761
512.0,23.17326554909284,72.58055957527472,1099.0,16783.144154182908,938.426357861024,-99.0,15.0,0.0,279.0,5142.794023465978,41911.68224341719,16467.463188399008,45323.44628006839,36673.78544680201,-30695.24435595609,11909.069226547264,-17482.782981404715,5002.273083685498,41898.6909569318,16444.600280567643,45287.392487268335
513.0,23.1733776112426,72.57998609541313,1099.0,16795.61885563138,879.6716010441238,-99.0,15.0,0.0,282.0,7049.980968815812,41595.85824169158,16470.80738491725,45290.2323954582,37605.78868532334,-29488.36107158997,10620.290999088962,-18485.22160696079,6920.564116146591,41655.67572090586,16449.562413898566,45317.52013360513
514.0,23.17351711190502,72.57941978060288,1099.0,16811.147998337503,821.6509255374739,-99.0,15.0,0.0,285.0,8971.292719319195,41270.93268401841,16608.824055104444,45383.113755646,38455.09258318304,-28169.150047274925,8904.962413386465,-19358.06732261044,8980.270968887573,41087.394182581535,16610.89244329322,45218.812182012654
515.0,23.17368366871848,72.57886218297246,1099.0,16829.689017999608,764.5233516296104,-99.0,15.0,0.0,288.0,10936.81632293062,40842.628176582846,16719.150278125762,45467.177322489166,39609.13857437385,-27087.323979177512,7690.4030185700385,-20278.84415974766,10873.059681611883,40991.45474754118,16769.376166391816,45604.10909303635
516.0,23.17387682516233,72.57831483076734,1099.0,16851.19109497292,708.4454527202993,-99.0,15.0,0.0,291.0,12787.467821486844,40177.02771533503,16926.83484691304,45433.80489524326,40500.90543368579,-25613.02103035192,5999.565498555914,-20769.5035441252,12842.213830839266,40219.51684420717,17036.82301758575,45527.85224223743
517.0,23.174096051808185,72.57777922416281,1099.0,16875.59529355765,653.5709263291311,-99.0,15.0,0.0,294.0,14566.104125821275,39421.80525254676,17142.46607199857,45388.481598348415,40928.196910948616,-24388.59344084939,4378.228888907702,-21254.59020111939,14469.537196723692,39382.33612044678,17183.663617872597,45338.88177186791
518.0,23.17434074777104,72.57725683115359,1099.0,16902.83472354207,600.0501729859573,-99.0,15.0,0.0,297.0,16340.968706275851,38631.92620789978,17344.47831597598,45390.35039350833,41848.66130839183,-22897.384256961774,2843.451221016888,-21523.19162426636,16294.708543004044,38586.92598156932,17484.794272611685,45389.27642036291
519.0,23.17461024235628,72.57674908353162,1099.0,16932.834723542463,548.0298841293305,-99.0,15.0,0.0,300.0,18051.56259350112,37837.367672709166,17582.5262423862,45460.64818643774,42528.64051784743,-21659.1579457774,1302.8967890313718,-22230.50353130566,18098.67057523464,37984.39329866778,17603.87078382706,45610.00194510435
520.0,23.174903796897965,72.57625737296281,1099.0,16965.513065642812,497.6526401664866,-99.0,15.0,0.0,303.0,19707.84424961963,36930.12052290245,17804.91715157428,45488.9876956807,42865.91467033309,-20371.54733465613,-318.33318406872246,-22409.779592042403,19581.90829947251,36948.50118141079,17816.747385763087,45454.145681222086
521.0,23.175220606783515,72.57578304717369,1099.0,17000.780180780534,449.056519780623,-99.0,15.0,0.0,306.0,21318.58147830119,35927.19541056076,18046.393963886563,45507.3359076906,43418.642392252776,-18988.513916703392,-2109.10429305308,-22624.231807235254,21288.404630365894,35906.4021653306,18139.78057617173,45513.926742441145
522.0,23.17555980365905,72.57532740625817,1099.0,17038.53940424337,402.3747215516813,-99.0,15.0,0.0,309.0,22766.20041028893,34747.1549771976,18337.4213299365,45408.4318289284,43661.15518376423,-17474.138037118297,-3704.502969908295,-22595.481806883552,22727.538517089903,34652.392286134804,18292.32471096002,45298.32713830809
523.0,23.175920457809507,72.57489169911487,1099.0,17078.687240624942,357.73519894119806,-99.0,15.0,0.0,312.0,24243.73184695424,33587.16467013924,18636.162239560326,45422.05089453014,44080.161835953775,-16254.410170993036,-5270.866697356033,-22698.51757154136,24160.00256316356,33672.03023490398,18579.2418495734,45416.95247038596
524.0,23.176301580706934,72.57447712002437,1099.0,17121.113647496164,315.2603096279188,-99.0,15.0,0.0,315.0,25635.57929664052,32242.8678691816,18945.19959625896,45339.89459676696,44351.02034404004,-14911.22398371653,-6933.473726886636,-22400.558578927343,25449.81435127456,32358.74873873708,18963.860334380344,45325.59618177066
525.0,23.17670212771996,72.57408480537605,1099.0,17165.702337024893,275.0664801626264,-99.0,15.0,0.0,318.0,26955.26410129977,30869.80555217609,19321.4137004424,45308.36771484518,44686.97156579442,-13408.94356477459,-8825.581840039045,-22158.87317229889,26960.44599613245,30929.753684486688,19382.7846746908,45378.49328744643
526.0,23.17712100097706,72.57371583055338,1099.0,17212.33109471251,237.26388685588685,-99.0,15.0,0.0,321.0,28209.67937817813,29477.53706481203,19700.476825435853,45308.05655925347,44604.31455791904,-12066.25423301896,-10699.833197493108,-22053.703133854942,28272.09067897899,29455.44600800981,19622.706211856053,45298.84115480225
527.0,23.17755705237576,72.57337120698625,1099.0,17260.872114375357,201.95615377461644,-99.0,15.0,0.0,324.0,29410.41830783097,27994.429633366104,20203.74257786931,45352.53035599992,44619.194569342726,-10871.768916795305,-12252.444537075971,-21670.9393357654,29302.320071822323,28106.619910273428,19949.964149196778,45239.46412068048
528.0,23.178009086729475,72.57305187937828,1099.0,17311.192348451947,169.24006868166734,-99.0,15.0,0.0,327.0,30527.896119990623,26462.705481738103,20611.06525930894,45354.63850643771,44419.64973715251,-9721.46268667174,-14132.96207883106,-20915.70450396708,30201.27354022725,26380.80299783767,20506.7757503434,45039.8883428592
529.0,23.178475865043467,72.5727587231169,1099.0,17363.15387267887,139.20531768093758,-99.0,15.0,0.0,330.0,31545.49027906164,24876.154773592472,21003.2646483954,45332.9698912021,44621.91433469365,-8143.750520799251,-16001.211236507092,-20564.731091004112,31629.025757592084,24824.26516855084,20872.141043881747,45302.1598082105
530.0,23.178956107910825,72.57249254187325,1099.0,17416.614264130283,111.93423932529754,-99.0,15.0,0.0,333.0,32443.1472145141,23250.57005486517,21486.763691577893,45330.20872438751,44401.659390571935,-7112.737816226929,-17872.107421809815,-19700.72180420306,32416.088982444977,23098.20157530404,21514.57506642589,45246.06812994963
531.0,23.179448499019227,72.5722540653983,1099.0,17471.42699158884,87.50159882471107,-99.0,15.0,0.0,336.0,33259.95846977815,21589.020597069342,21907.438894422703,45301.727634439245,44341.20098111905,-5743.43763149801,-19622.775337464256,-19040.161138250594,33454.86438145241,21435.0053403824,21939.56403750696,45387.574014034544
532.0,23.17995168875888,72.5720439475216,1099.0,17527.441817179228,65.97438300626601,-99.0,15.0,0.0,339.0,33999.56643102113,19866.47114753571,22369.9329290447,45288.64198232539,44046.151396384994,-4776.913704309553,-20866.93203161484,-18147.49750590286,33897.82226111751,19963.45764231393,22318.557025508984,45229.63611155492
533.0,23.180464297921663,72.57186276435786,1099.0,17584.50520815643,47.41161657225104,-99.0,15.0,0.0,342.0,34643.40057423244,18132.102695532936,22859.0366405214,45293.19935311239,43475.556937463065,-3558.3601356250547,-22607.263527167783,-17386.703286397253,34602.54886845688,18105.714617145324,22626.8524076396,45134.55150844597
534.0,23.18098492148151,72.57171101272631,1099.0,17642.46075773342,31.86420016722374,-99.0,15.0,0.0,345.0,35191.60250475808,16372.501713132147,23300.515184966047,45270.539063327305,43270.73124086023,-2799.602905828492,-24350.688082705256,-16415.164155084825,35176.6444514033,16512.857209105772,23385.222522764325,45353.493807070285
535.0,23.18151213244543,72.5715891087874,1099.0,17701.149613777805,19.37477069462916,-99.0,15.0,0.0,348.0,35610.71419673569,14639.350053060602,23828.261971850938,45279.35074818096,42746.19745681954,-1702.4358544785405,-25815.051347430017,-15154.423912652404,35512.77328472451,14630.635716142304,23863.00989494105,45217.8704615416
536.0,23.182044485764813,72.57149738690042,1099.0,17760.410914213247,9.977584279211348,-99.0,15.0,0.0,351.0,36027.44566269347,12816.64182601359,24266.37844659428,45289.07452783714,42182.23759112316,-673.1622942985538,-27540.145438455085,-14478.339385529343,36168.4944903763,12901.004564488436,24212.86042562747,45396.67964140383
537.0,23.182580522296213,72.57143609870514,1099.0,17820.082227935345,3.698422182827749,-99.0,15.0,0.0,354.0,36345.285635629945,11022.237074695273,24769.830942848013,45343.29082679803,41587.54953585562,528.0477211038578,-28776.950084047425,-12917.170232144505,36290.6722511741,10911.799694065874,24646.771944242395,45205.57081021152
538.0,23.18311877280076,72.57140541243025,1099.0,17880.000000020824,0.5545199486898398,-99.0,15.0,0.0,357.0,36478.73748079652,9203.490108781452,25258.15490375589,45314.20205098436,41078.67566975551,1086.2759233040842,-30436.52589238473,-11707.148100659158,36506.70575785816,9207.158587009411,25427.27555171984,45431.90152877452
539.0,23.18365776197124,72.57140541243025,1099.0,17940.00000002196,0.5545199486898398,-99.0,15.0,0.0,0.0,36630.48986181563,7330.872143475408,25690.96607552252,45338.28637911021,40290.15478270846,1923.171407575259,-31863.820240924124,-10441.319206585007,36597.569165605375,7337.176080552239,25889.60618888832,45425.63076374418
540.0,23.18419601247578,72.57143609895222,1099.0,17999.91777210637,3.6984474967421663,-99.0,15.0,0.0,3.0,36551.10863304133,5503.514402261375,26180.63380762965,45295.67087095066,39421.8655199604,2735.8266881850004,-32880.38752551062,-9243.531112145463,36495.00803216907,5650.461736480261,26120.57985605961,45233.81501841625
541.0,23.18473204900718,72.57149738813311,1099.0,18059.58908582848,9.977710571152835,-99.0,15.0,0.0,6.0,36430.1807369782,3670.772573044001,26687.4254083488,45308.40225320344,38705.09243918085,3404.7731470295257,-34418.002228036734,-7814.677558160648,36521.39345617338,3765.909139733498,26805.064128971444,45458.83538529802
542.0,23.185264402326563,72.5715891122276,1099.0,18118.85038626427,19.37512315253398,-99.0,15.0,0.0,9.0,36119.5890759381,1820.127894046049,27258.42898047776,45287.520698853245,37649.74084014115,4053.147367872593,-35544.04470125618,-6253.096360141289,36156.57328202714,1864.3990316299253,27231.104395973078,45302.393114184655
543.0,23.185791613290483,72.57171102006586,1099.0,18177.53924230865,31.86495212642968,-99.0,15.0,0.0,12.0,35760.870941419635,68.18856099249878,27807.084351164754,45299.87285061089,36760.645294499016,4421.905942069464,-36517.53432642652,-4641.160164828284,35654.80528977591,200.21000054277565,27805.95980502473,45215.88907646072
544.0,23.18631223685033,72.57186277774007,1099.0,18235.49479188564,47.4129876203101,-99.0,15.0,0.0,15.0,35272.0921974033,-1778.132705580736,28271.65054242228,45239.01489083975,35729.48199450989,4942.491738421287,-37683.19682345196,-2861.935860995861,35168.03868965719,-1746.8904587288237,28409.20612656552,45242.96148898424
545.0,23.18682484601312,72.57204396951771,1099.0,18292.55818286355,65.97663657420581,-99.0,15.0,0.0,18.0,34673.546290683174,-3506.467714601141,28736.467145643623,45170.06389433542,34555.39735767579,5535.7820788635845,-38482.85536304142,-1281.0984086534604,34578.28699046059,-3542.97127420599,28674.695313708384,45060.500751528656
546.0,23.187328035752767,72.57225409897931,1099.0,18348.57300845324,87.50503930254416,-99.0,15.0,0.0,21.0,34066.216186114725,-5262.750251598246,29177.40779840231,45161.097764382015,33330.73849822029,5574.719265341242,-39679.913112414986,319.7061796570089,33890.02693554379,-5301.634342518877,29339.052106121584,45137.80268111616
547.0,23.18782042686117,72.57249259037745,1099.0,18403.38573591179,111.93920872915086,-99.0,15.0,0.0,24.0,33398.299323209365,-6993.148763451613,29620.890304125696,45185.70204964729,32566.71712561701,6297.96907035156,-40426.9911676493,1721.6912298471611,33588.789281526035,-6876.213275400496,29625.616416873425,45311.8772783392
548.0,23.188300669728527,72.57275879021323,1099.0,18456.8461273632,139.2121919030843,-99.0,15.0,0.0,27.0,32618.508195857965,-8663.097890530089,30057.440819892818,45193.65099906754,31303.617512569304,6590.419719098753,-41083.16299468619,3744.1492356900167,32576.866681062616,-8709.667038493815,30111.924136388832,45208.83229937254
549.0,23.18876744804252,72.5730519690261,1099.0,18508.807651590127,169.24925337299138,-99.0,15.0,0.0,30.0,31653.45355292649,-10330.010687073383,30515.603573496537,45164.724111601965,29772.8021735643,6730.513144980956,-41813.28820585775,5150.747136528248,31681.74516077174,-10358.420005319927,30313.627665416545,45054.92052679933
550.0,23.18921948239624,72.57337132339204,1099.0,18559.127885667425,201.96807990252304,-99.0,15.0,0.0,33.0,30735.966922783125,-11973.290283372826,30941.613185433096,45226.57149735425,28579.155176996912,6581.893293312368,-42504.6340403504,7132.394830568775,30541.80947169734,-11968.370182813836,31018.55778778377,45146.372366696414
551.0,23.189655533794934,72.5737159781246,1099.0,18607.668905329563,237.2790059754584,-99.0,15.0,0.0,36.0,29639.223026703243,-13554.24804541956,31336.222605984323,45212.38800279431,27250.87740244006,6655.436576674153,-43069.26629461919,8870.296882907041,29490.452774197005,-13572.403107976046,31408.578065228463,45170.739500611366
552.0,23.19007440705204,72.57408498867287,1099.0,18654.29766301789,275.0852594805329,-99.0,15.0,0.0,39.0,28538.67819280644,-14984.32902843942,31724.31980136297,45226.30579965877,25957.583588905465,6787.37311550095,-43471.54067937844,10349.331030631376,28521.31966856326,-15004.176444414454,31606.065710277257,45139.05599471326
553.0,23.19047495406506,72.5744773437097,1099.0,18698.88635254591,315.2832268708139,-99.0,15.0,0.0,42.0,27295.71397846684,-16315.162862479236,32110.47198313421,45192.0673548261,24926.434057408063,6638.043635159153,-43769.10235723898,12090.61813277626,27385.00581535986,-16268.863146327882,32107.07384632344,45226.96808934361
554.0,23.190856076962486,72.57489196790331,1099.0,18741.31275941677,357.7627371341788,-99.0,15.0,0.0,45.0,26066.239138286008,-17740.560396430257,32490.261181571364,45274.64387093979,23753.08125148579,6332.202484645461,-43965.24595914845,13845.76795518703,26069.426547854837,-17489.44155000877,32576.365118341404,45240.63583316068
555.0,23.191216731112945,72.5753277248643,1099.0,18781.46059579835,402.407363718541,-99.0,15.0,0.0,48.0,24709.481276998424,-19036.289410908048,32913.67410683185,45345.87878434951,22328.995208215325,6381.4881368566685,-44394.7156565234,15604.167696060764,24898.676927198638,-19074.805465604284,32885.751716432846,45445.18656833226
556.0,23.19155592798848,72.57578342026044,1099.0,18819.219819261893,449.094743653229,-99.0,15.0,0.0,51.0,23214.44345128538,-20301.91921416837,33251.5807802163,45351.36087169597,21074.32989433334,6125.478498530978,-44325.35574656583,17557.7152514987,23368.59085719344,-20323.113241178304,33269.198307341605,45452.82748606387
557.0,23.19187273787403,72.5762578050904,1099.0,18854.48693439926,497.69691295281245,-99.0,15.0,0.0,54.0,21730.34563385263,-21462.636988570302,33523.70009118711,45350.75716758986,19461.260145567016,5496.416397060179,-44238.308272300055,19328.48861916074,21593.25926432882,-21478.275749561755,33572.18519564896,45328.54281401164
558.0,23.19216629241572,72.57674957910756,1099.0,18887.16527650032,548.0806573909757,-99.0,15.0,0.0,57.0,20203.03217520371,-22509.16150397788,33754.069070960584,45322.86442328699,18192.00018142847,5120.610354556183,-44171.07474452839,20711.423523754416,20252.98343690417,-22434.86805424594,33755.02370708681,45309.03075737697
559.0,23.19243578700096,72.5772573943844,1099.0,18917.16527650071,600.1078776955408,-99.0,15.0,0.0,60.0,18557.146018683416,-23453.190832060496,34092.073187931695,45350.73629848887,16745.606987504765,4784.252068089382,-43848.97647106702,22555.236121107373,18543.16248334888,-23574.448899614923,33933.2861235106,45288.75603220373
560.0,23.19268048296381,72.57777985900795,1099.0,18944.40470648442,653.6359681453575,-99.0,15.0,0.0,63.0,16889.087988314423,-24360.98586489797,34348.28662941242,45370.736381097646,15522.976505146513,4016.602630960164,-43723.71868980412,24086.13386430073,16964.209619491256,-24380.121429122475,34344.933509609415,45406.48837657773
561.0,23.192899709609662,72.5783155408958,1099.0,18968.808905069152,708.5182075406552,-99.0,15.0,0.0,66.0,15095.78530102588,-25147.229207028955,34589.367989803824,45350.74694621451,14302.24457621408,3294.1637548482736,-43090.08438284278,26113.43531654748,14970.572996304614,-25199.364226376874,34732.64186459192,45447.57885900293
562.0,23.19309286605351,72.57886297172257,1099.0,18990.31098204176,764.604161479347,-99.0,15.0,0.0,69.0,13319.533536643232,-25918.9976784454,34774.90503065018,45370.67813224485,12893.99635830794,2592.031595898832,-42561.00044793163,27517.53837504812,13219.656964021924,-25884.015843828045,34805.77903696644,45345.1635879736
563.0,23.193259422866973,72.57942065094576,1099.0,19008.85200170457,821.7400948144244,-99.0,15.0,0.0,72.0,11557.899081891255,-26617.18255058825,34959.376775288394,45433.66001804275,11618.012886676086,1601.5881338748868,-42296.23401231452,28993.058526730703,11484.6991166049,-26531.930032806253,35206.408323827345,45555.82083695487
564.0,23.1933989235294,72.57998704992013,1099.0,19024.3811444114,879.769393189743,-99.0,15.0,0.0,75.0,9697.658560266336,-27132.354602901,35080.007402376286,45396.21313721933,10140.569781387248,876.845040713422,-41592.61759995677,30424.26351498285,9606.719738008758,-27172.91379388578,35195.53475297571,45490.46026061416
565.0,23.19351098567916,72.58056061608922,1099.0,19036.85584585987,938.5329924732916,-99.0,15.0,0.0,78.0,7819.699479759143,-27565.048152276973,35212.11851264851,45396.83766232949,9045.229350356443,254.02341962393447,-40946.85063170072,31840.652422411666,7969.794058078248,-27711.20952849198,35324.61719440675,45598.874227238775
566.0,23.193595302161704,72.58113977724247,1099.0,19046.241913761936,997.8698149083368,-99.0,15.0,0.0,81.0,5884.186732122064,-27813.40479440783,35323.23041427722,45342.471774884405,7914.5940506028255,-1087.8902383365005,-39812.761620008976,32956.8811140924,5924.732804484485,-27611.98957032887,35408.3696617206,45291.02636215634
567.0,23.19365164187141,72.58172294582648,1099.0,19052.51362155765,1057.6172108197902,-99.0,15.0,0.0,84.0,3982.447630116883,-28000.18817607449,35393.428350077535,45305.24470074384,6640.37351321397,-1842.131754722992,-38635.77975336908,34405.4432847381,3909.489052371342,-27954.74481235864,35300.80986212737,45198.44067107595
568.0,23.193679850385053,72.58230852329825,1099.0,19055.65377893247,1117.6114046114635,-99.0,15.0,0.0,87.0,2052.9666300535864,-28147.331688462647,35383.02659922107,45259.75612490232,5195.043201033941,-2921.898474043081,-37901.55828752112,35298.48268032517,2111.465341928012,-28181.808672281608,35211.28636393492,45149.831819556974
569.0,23.193679850385053,72.58289490450862,1099.0,19055.65377893247,1177.6879438680965,-99.0,15.0,0.0,90.0,179.14776830686014,-28099.654756382104,35358.573160929685,45164.71396264537,4332.139162520853,-4204.10695817717,-36744.96499200675,36392.47156395234,208.0737024131656,-27973.136015826192,35365.74200930703,45091.8544871955
570.0,23.19365164187141,72.58348048210392,1099.0,19052.51362155765,1237.682150314772,-99.0,15.0,0.0,93.0,-1740.5680574052865,-28090.06785142889,35344.46102886363,45180.88549908245,3216.508850354786,-5106.381951179463,-35838.3279062291,37667.15950724025,-1610.246370481232,-28224.89227528464,35432.72714233711,45328.97075897912
571.0,23.193595302161704,72.58406365093364,1099.0,19046.241913761936,1297.4295713993693,-99.0,15.0,0.0,96.0,-3684.195315734856,-28024.53606799214,35343.2272214582,45255.846333687085,2018.7099233468696,-6294.95943975418,-34545.170307077904,38769.41796168485,-3680.823247448048,-28146.223520817613,35346.0723879275,45333.24598476698
572.0,23.19351098567916,72.58464281245207,1099.0,19036.85584585987,1356.7664312493732,-99.0,15.0,0.0,99.0,-5580.501679651937,-27779.113421853148,35260.528944580234,45234.124761648265,973.7136287493594,-7312.836292935894,-33061.31012824834,39603.687731585895,-5577.85323526595,-27876.685685325465,35053.04842723284,45132.45235475829
573.0,23.1933989235294,72.58521637910181,1099.0,19024.3811444114,1415.5300797752045,-99.0,15.0,0.0,102.0,-7484.592848489173,-27477.289465689155,35071.30564805803,45177.61665192659,-33.78132009954484,-8692.159850878328,-31653.5327405765,40565.96208402768,-7637.638473428978,-27522.770701674897,35021.1464649111,45192.00292379761
574.0,23.193259422866973,72.58578277866705,1099.0,19008.85200170457,1473.5594386883304,-99.0,15.0,0.0,105.0,-9274.71769798963,-27111.51569631265,35010.4720279546,45241.4392272063,-650.0664389220135,-9902.212961644009,-30396.5510334907,41164.72595235261,-9232.027530425124,-26980.64493439095,34993.23886260405,45141.02678820527
575.0,23.19309286605351,72.58634045858484,1099.0,18990.31098204176,1530.69544318808,-99.0,15.0,0.0,108.0,-11102.503422143143,-26680.84472233929,34921.35244765191,45328.06982554414,-1633.0687932059925,-11311.054033198076,-29000.825277922497,42149.27054464844,-11298.413409312938,-26618.204694379758,34999.585769663725,45399.93359871455
576.0,23.192899709609662,72.58688789020233,1099.0,18968.808905069152,1586.7814781375544,-99.0,15.0,0.0,111.0,-12828.220460326513,-26064.872679415857,34742.525085520814,45287.78949442048,-2187.883156501932,-12185.01016941561,-27727.40672472997,42574.11815073065,-12652.460001850835,-26112.570254444825,34770.3362124877,45287.16539728653
577.0,23.19268048296381,72.58742357296836,1099.0,18944.40470648442,1641.663807504716,-99.0,15.0,0.0,114.0,-14565.032103259087,-25377.350460207712,34579.58364829328,45297.87723324885,-3314.2722627429766,-13999.673157679546,-26258.007912688103,43080.51329496728,-14781.51679508868,-25397.54610101978,34651.37472565582,45433.97800209368
578.0,23.19243578700096,72.5879460385479,1099.0,18917.16527650071,1695.1919958981748,-99.0,15.0,0.0,117.0,-16324.99156235976,-24644.56626517174,34408.23813086238,45362.835528433294,-3733.3033931180967,-15052.892712005623,-24431.78020336933,43441.49918464177,-16366.111312049292,-24488.46613880637,34291.518049369944,45204.45534944668
579.0,23.19216629241572,72.5884538548481,1099.0,18887.16527650032,1747.2193210493472,-99.0,15.0,0.0,120.0,-17947.870566665795,-23773.146653243428,34195.57042127776,45350.034135720045,-4145.118318128799,-16340.027697418687,-23198.59693191632,43689.02836154145,-17742.945501128073,-23682.64069181741,34243.742011131566,45258.29705279093
580.0,23.19187273787403,72.58894562994475,1099.0,18854.48693439926,1797.603176084851,-99.0,15.0,0.0,123.0,-19482.33080657397,-22807.10168698832,33913.86596713575,45275.54975761482,-4607.532472198514,-17613.108639749567,-21507.42587247528,44102.08985204621,-19405.596343802776,-22778.17399773876,34041.33334969143,45323.66662522669
581.0,23.19155592798848,72.58942001589851,1099.0,18819.219819261893,1846.2054605203184,-99.0,15.0,0.0,126.0,-20984.244057322903,-21792.61872799668,33636.497398428444,45240.14463853544,-5340.565097081515,-18903.64599052823,-19895.53297692101,44073.78876010606,-20967.54321200933,-21826.542539908667,33572.51514721686,45201.21238312117
582.0,23.191216731112945,72.58987571245044,1099.0,18781.46059579835,1892.8929588690169,-99.0,15.0,0.0,129.0,-22579.77294114906,-20618.26626749351,33346.27982364047,45243.04839450631,-5489.329364868268,-20399.94481171844,-18164.94144478217,43937.603942132206,-22370.27478416608,-20434.70509085552,33347.67685388842,45056.34159161947
583.0,23.190856076962486,72.59031147058653,1099.0,18741.31275941677,1937.5377058473,-99.0,15.0,0.0,132.0,-24130.74499897776,-19437.36601682761,33001.57499126057,45268.178710675005,-5963.163154438139,-21568.70458363811,-16368.62190098608,44266.2165581745,-24001.66127620672,-19498.257571250528,33013.052888748214,45234.096137403656
584.0,23.19047495406506,72.59072609596168,1099.0,18698.88635254591,1980.0173371628173,-99.0,15.0,0.0,135.0,-25484.75819335546,-18205.537563224065,32680.887158742506,45265.38283967365,-6207.968107451106,-22934.91400285255,-14689.631908723866,44050.669535918336,-25332.9403568196,-18192.316601935207,32678.27667508069,45172.86815025529
585.0,23.19007440705204,72.59111845217359,1099.0,18654.29766301789,2020.2154249431087,-99.0,15.0,0.0,138.0,-26773.529694321467,-16847.80931621058,32225.307481790343,45156.84901921344,-6550.352504556524,-24219.58909097832,-12836.595965441156,43795.780121175536,-26729.49552700165,-16871.534309182847,32173.54205850155,45102.67630267746
586.0,23.189655533794934,72.59148746387754,1099.0,18607.668905329563,2058.0217968504626,-99.0,15.0,0.0,141.0,-28028.44786180613,-15550.862503300905,31874.03557423455,45203.73168142343,-6630.974465875996,-25311.250153900903,-11215.739719616997,43555.52168534273,-27834.925354641924,-15627.85523924344,31805.448534769832,45062.173553604014
587.0,23.18921948239624,72.59183211973375,1099.0,18559.127885667425,2093.332838046248,-99.0,15.0,0.0,144.0,-29218.30169971797,-14142.697212643514,31489.90715147933,45225.427483585445,-6738.338758121633,-26975.41616615622,-9340.472853527668,42980.38980719303,-29164.995442230174,-13892.686539195352,31418.50967290544,45063.582286454985
588.0,23.18876744804252,72.592151475179,1099.0,18508.807651590127,2126.0517751535685,-99.0,15.0,0.0,147.0,-30312.557968774177,-12592.107274297794,31100.902110939867,45218.12079611427,-6886.109544934543,-28218.42831186221,-7756.467963142045,42742.74313741335,-30350.21232840515,-12629.634855183598,31103.96482897049,45255.93544537973
589.0,23.188300669728527,72.592444655015,1099.0,18456.8461273632,2156.088941446621,-99.0,15.0,0.0,150.0,-31305.03866063593,-11120.28614081694,30648.87250430214,45199.77428242892,-7128.521587972455,-29331.46570761728,-6057.524345370546,42314.54570761912,-31487.388392450463,-11331.563926555396,30559.87757297413,45318.49607030007
590.0,23.18782042686117,72.59271085580654,1099.0,18403.38573591179,2183.362022542038,-99.0,15.0,0.0,153.0,-32169.3163865398,-9556.64247610958,30145.86570209906,45110.61461698868,-6542.405083965735,-30632.203783694986,-4315.904924379733,41443.13208813396,-32173.63877551564,-9383.055429765183,30245.433075784047,45143.89198105477
591.0,23.187328035752767,72.5929493480826,1099.0,18348.57300845324,2207.796281913137,-99.0,15.0,0.0,156.0,-32985.57559149851,-7963.740580080343,29701.558880296747,45096.03043560503,-6359.801785140941,-31451.262410360025,-2887.8566524695143,40927.645032965294,-32844.38261476075,-8107.747609824865,29837.58992932156,45108.43395020237
592.0,23.18682484601312,72.59315947833467,1099.0,18292.55818286355,2229.324765627493,-99.0,15.0,0.0,159.0,-33756.84832176769,-6282.594227346084,29295.784560030625,45135.7817239498,-6107.343917433352,-32833.45622388401,-1133.364265862199,40043.52510040264,-33710.454957061906,-6257.370019112241,29402.862220894414,45167.21996923305
593.0,23.18631223685033,72.59334067080665,1099.0,18235.49479188564,2247.888485718689,-99.0,15.0,0.0,162.0,-34384.68323826293,-4569.832381848935,28829.95642273428,45103.83793792533,-5890.950546935992,-33851.10255791364,657.1742601639619,39176.65162117338,-34457.3663652571,-4572.321999976262,28786.523935157456,45131.809021691246
594.0,23.185791613290483,72.59349242907147,1099.0,18177.53924230865,2263.436581723005,-99.0,15.0,0.0,165.0,-34918.28495083316,-2839.678824837703,28350.52910975936,45067.75899175735,-5477.092933227597,-34844.939821759894,2198.418364603536,38226.24661556912,-34964.34575517604,-2883.856524299062,28317.157984219808,45085.29182386982
595.0,23.185264402326563,72.59361433739018,1099.0,18118.85038626427,2275.926459919632,-99.0,15.0,0.0,168.0,-35444.53532266032,-1059.5308389472666,27860.219209627347,45095.78144623379,-5179.901473338545,-35944.7825886843,3780.064992465868,37119.95271706554,-35517.73773600421,-1115.010569263363,27758.179159560917,45091.78919390345
596.0,23.18473204900718,72.59370606184967,1099.0,18059.58908582848,2285.32390989642,-99.0,15.0,0.0,171.0,-35911.813572941785,677.0663024868627,27379.864392811243,45163.85443077708,-4331.19591471634,-37058.73996880448,5370.281163903931,36435.552160013205,-36024.824810514205,719.785348118073,27623.09920619661,45402.001093905375
597.0,23.18419601247578,72.59376735127614,1099.0,17999.91777210637,2291.60319813094,-99.0,15.0,0.0,174.0,-36212.07444602374,2500.1659975634466,26843.24533849856,45145.59763700734,-3971.779072760514,-37814.70440172656,6717.076667080803,35037.22545775492,-36174.22129056136,2391.432390792747,26917.40068247167,45153.51253622426
598.0,23.18365776197124,72.59379803792157,1099.0,17940.00000002196,2294.747138328781,-99.0,15.0,0.0,177.0,-36368.02446334589,4350.850011619623,26445.94843962918,45176.88887098868,-3108.432290402909,-38922.78957311215,8267.946188711556,33704.55926100568,-36374.68093291993,4493.69506009819,26522.448166940227,45241.031874095344
599.0,23.18311877280076,72.59379803792157,1099.0,17880.000000020824,2294.747138328781,-99.0,15.0,0.0,180.0,-36565.44112911773,6258.824703196629,25995.468540001813,45298.66174895836,-2527.435206559968,-39735.06676775312,9641.1997815291,32597.506887052907,-36590.09666761816,6171.004508092045,26051.74963855287,45338.83688422513
